"id","questionId","userId","createdAt","updatedAt"
d87e4045-d981-4deb-88f4-77ce32399e3b,adf3efcf-3d18-4676-8193-6db5e083c5ad,"96601638-0db6-4ebe-bdd2-a4ce9a5fff32",2023-03-24 18:03:29.377,2023-03-24 18:03:29.377
e98b7495-3019-42fa-80fb-363468a82ac2,"7ed380ab-12bd-4185-8b4a-e7254bab5e10","96601638-0db6-4ebe-bdd2-a4ce9a5fff32",2023-03-24 18:03:29.400,2023-03-24 18:03:29.400
"52da8df5-b0d1-46fc-9e17-828723aaeb63",b275c684-6970-4ed3-bb22-d22ef3d9c59a,"96601638-0db6-4ebe-bdd2-a4ce9a5fff32",2023-03-24 18:03:29.422,2023-03-24 18:03:29.422
e727b6c6-b90d-42a9-887b-35106ace7898,"07bb5ed0-e638-4258-819d-973686881a39","96601638-0db6-4ebe-bdd2-a4ce9a5fff32",2023-03-24 18:03:29.442,2023-03-24 18:03:29.442
"3c884f25-df39-4f76-888d-36120a7cf6fe","8cce9cea-808f-487c-a24e-1dcf03985f44","96601638-0db6-4ebe-bdd2-a4ce9a5fff32",2023-03-24 18:03:29.467,2023-03-24 18:03:29.467
"64fbe717-6af0-49d7-9737-1b5d5869573a",adf3efcf-3d18-4676-8193-6db5e083c5ad,"97224ed8-99ed-430f-8eb2-6f79dfe75564",2023-03-24 18:03:29.490,2023-03-24 18:03:29.490
df7d167f-2318-4c24-87d2-df796ff4254d,"7ed380ab-12bd-4185-8b4a-e7254bab5e10","97224ed8-99ed-430f-8eb2-6f79dfe75564",2023-03-24 18:03:29.520,2023-03-24 18:03:29.520
"17ac63c5-0682-44fa-83c8-cf87a9980bea",b275c684-6970-4ed3-bb22-d22ef3d9c59a,"97224ed8-99ed-430f-8eb2-6f79dfe75564",2023-03-24 18:03:29.550,2023-03-24 18:03:29.550
"438a9193-6803-4b83-b6c2-15b78ea9a293","07bb5ed0-e638-4258-819d-973686881a39","97224ed8-99ed-430f-8eb2-6f79dfe75564",2023-03-24 18:03:29.591,2023-03-24 18:03:29.591
dec5b050-ac80-4a0d-a52b-4ed0c54641ae,"8cce9cea-808f-487c-a24e-1dcf03985f44","97224ed8-99ed-430f-8eb2-6f79dfe75564",2023-03-24 18:03:29.619,2023-03-24 18:03:29.619
"994216b4-1b02-4fbe-a72d-ab9fbc99d636",adf3efcf-3d18-4676-8193-6db5e083c5ad,b11f026f-96b3-4be3-85a9-7640f7d914a6,2023-03-24 18:03:29.795,2023-03-24 18:03:29.795
"20de7465-c67b-4358-b4f6-842518854d8a",adf3efcf-3d18-4676-8193-6db5e083c5ad,b11f026f-96b3-4be3-85a9-7640f7d914a6,2023-03-24 18:03:29.808,2023-03-24 18:03:29.808
"56258c7b-a6bf-4c78-80e2-310a0b941146","7ed380ab-12bd-4185-8b4a-e7254bab5e10",b11f026f-96b3-4be3-85a9-7640f7d914a6,2023-03-24 18:03:29.817,2023-03-24 18:03:29.817
"847c9b44-395d-43d5-90f4-cdea416c4cb1","7ed380ab-12bd-4185-8b4a-e7254bab5e10",b11f026f-96b3-4be3-85a9-7640f7d914a6,2023-03-24 18:03:29.827,2023-03-24 18:03:29.827
"31c628a6-63a8-4d48-a32f-8d70ff243b4f",b275c684-6970-4ed3-bb22-d22ef3d9c59a,b11f026f-96b3-4be3-85a9-7640f7d914a6,2023-03-24 18:03:29.834,2023-03-24 18:03:29.834
"14899068-d2be-4cee-9cbc-ab3ae406c473",b275c684-6970-4ed3-bb22-d22ef3d9c59a,b11f026f-96b3-4be3-85a9-7640f7d914a6,2023-03-24 18:03:29.844,2023-03-24 18:03:29.844
a82abf72-d80c-4099-aaef-470ff25f74f8,"07bb5ed0-e638-4258-819d-973686881a39",b11f026f-96b3-4be3-85a9-7640f7d914a6,2023-03-24 18:03:29.852,2023-03-24 18:03:29.852
d4e5888e-1e65-4d2c-890f-6ecb4ff0053c,"07bb5ed0-e638-4258-819d-973686881a39",b11f026f-96b3-4be3-85a9-7640f7d914a6,2023-03-24 18:03:29.863,2023-03-24 18:03:29.863
"47a90be1-6239-43c3-8039-8f6e3aaafb79","8cce9cea-808f-487c-a24e-1dcf03985f44",b11f026f-96b3-4be3-85a9-7640f7d914a6,2023-03-24 18:03:29.873,2023-03-24 18:03:29.873
"4ed9ecf1-8c3a-42d1-a044-14c0644d09e2","8cce9cea-808f-487c-a24e-1dcf03985f44",b11f026f-96b3-4be3-85a9-7640f7d914a6,2023-03-24 18:03:29.882,2023-03-24 18:03:29.882
a59fdb1b-20b8-4787-b037-b4c7d063867d,ebb2c446-395f-478e-8276-cf9bd8736504,"96601638-0db6-4ebe-bdd2-a4ce9a5fff32",2023-03-24 18:03:29.936,2023-03-24 18:03:29.936
d0b19555-f46b-4ea7-96de-ebca0fd8db32,"6053e34b-204b-4cbc-be67-7d6bf468c594","96601638-0db6-4ebe-bdd2-a4ce9a5fff32",2023-03-24 18:03:29.954,2023-03-24 18:03:29.954
ad64b9b0-98b5-4b69-b88e-e600fee48bed,b09e1c34-5179-4ad4-812a-64f19acf04ba,"96601638-0db6-4ebe-bdd2-a4ce9a5fff32",2023-03-24 18:03:29.982,2023-03-24 18:03:29.982
"33d101aa-6867-4149-99ab-878b2e088115","2a2c46f6-716a-4277-90e0-aaf19b6edd2f","96601638-0db6-4ebe-bdd2-a4ce9a5fff32",2023-03-24 18:03:29.992,2023-03-24 18:03:29.992
"8d779087-cc37-47a8-9b69-991ed819f398","1042f7a3-ae18-4ff3-bef1-bf27ece76b6e","96601638-0db6-4ebe-bdd2-a4ce9a5fff32",2023-03-24 18:03:30.004,2023-03-24 18:03:30.004
"6fe2ccaf-8911-49c3-8d1d-41bdf6f0b019",ebb2c446-395f-478e-8276-cf9bd8736504,"97224ed8-99ed-430f-8eb2-6f79dfe75564",2023-03-24 18:03:30.026,2023-03-24 18:03:30.026
"5a150c6e-65c0-482f-819a-3b3e0b4db770","6053e34b-204b-4cbc-be67-7d6bf468c594","97224ed8-99ed-430f-8eb2-6f79dfe75564",2023-03-24 18:03:30.056,2023-03-24 18:03:30.056
"672e0f91-1a66-4a05-a614-076179532d30",b09e1c34-5179-4ad4-812a-64f19acf04ba,"97224ed8-99ed-430f-8eb2-6f79dfe75564",2023-03-24 18:03:30.090,2023-03-24 18:03:30.090
"84f55ba3-2a76-4bbd-bf50-481a0d9884b2","2a2c46f6-716a-4277-90e0-aaf19b6edd2f","97224ed8-99ed-430f-8eb2-6f79dfe75564",2023-03-24 18:03:30.102,2023-03-24 18:03:30.102
"43900fc2-65fb-4d28-bad7-2371c2acb3df","1042f7a3-ae18-4ff3-bef1-bf27ece76b6e","97224ed8-99ed-430f-8eb2-6f79dfe75564",2023-03-24 18:03:30.107,2023-03-24 18:03:30.107
e78431bd-ac5a-4c43-976e-a221089ba775,ebb2c446-395f-478e-8276-cf9bd8736504,b11f026f-96b3-4be3-85a9-7640f7d914a6,2023-03-24 18:03:30.155,2023-03-24 18:03:30.155
"2d40ba5b-d1e4-4eef-91ea-2b42813e1f3f",ebb2c446-395f-478e-8276-cf9bd8736504,b11f026f-96b3-4be3-85a9-7640f7d914a6,2023-03-24 18:03:30.186,2023-03-24 18:03:30.186
"1d418da6-7840-4db4-b346-d93c5b4c72ec","6053e34b-204b-4cbc-be67-7d6bf468c594",b11f026f-96b3-4be3-85a9-7640f7d914a6,2023-03-24 18:03:30.193,2023-03-24 18:03:30.193
"740c3eeb-af9b-4e5c-aebe-15ffd9bbe698",b09e1c34-5179-4ad4-812a-64f19acf04ba,b11f026f-96b3-4be3-85a9-7640f7d914a6,2023-03-24 18:03:30.211,2023-03-24 18:03:30.211
bb427bb5-16d6-45be-9219-af673da92879,b09e1c34-5179-4ad4-812a-64f19acf04ba,b11f026f-96b3-4be3-85a9-7640f7d914a6,2023-03-24 18:03:30.228,2023-03-24 18:03:30.228
"33f7c393-31b0-4a60-b999-bf83a35968c7","2a2c46f6-716a-4277-90e0-aaf19b6edd2f",b11f026f-96b3-4be3-85a9-7640f7d914a6,2023-03-24 18:03:30.235,2023-03-24 18:03:30.235
"78b891ea-af71-46a0-9bae-484a2cac0335","2a2c46f6-716a-4277-90e0-aaf19b6edd2f",b11f026f-96b3-4be3-85a9-7640f7d914a6,2023-03-24 18:03:30.248,2023-03-24 18:03:30.248
c6ebe65a-194f-4e85-bb49-e15d89705677,"1042f7a3-ae18-4ff3-bef1-bf27ece76b6e",b11f026f-96b3-4be3-85a9-7640f7d914a6,2023-03-24 18:03:30.258,2023-03-24 18:03:30.258
"23dabc22-e363-4d28-8be9-450ea93ac194","1042f7a3-ae18-4ff3-bef1-bf27ece76b6e",b11f026f-96b3-4be3-85a9-7640f7d914a6,2023-03-24 18:03:30.286,2023-03-24 18:03:30.286
"34cf8453-d60e-4aac-a508-32e6fa4b0a45","98876855-5737-4e81-a74c-c15b9e3b3a92","96601638-0db6-4ebe-bdd2-a4ce9a5fff32",2023-03-24 18:03:30.330,2023-03-24 18:03:30.330
"0b40373e-963a-4ce7-8a7c-85b58c2eeb2b",fbf4ddcb-3278-49e3-968a-6fff4263f130,"96601638-0db6-4ebe-bdd2-a4ce9a5fff32",2023-03-24 18:03:30.343,2023-03-24 18:03:30.343
d0ddeff3-e631-438d-909f-ab7f9d05a7af,"4eefe735-93d2-46ed-93ad-660b3dc286fb","96601638-0db6-4ebe-bdd2-a4ce9a5fff32",2023-03-24 18:03:30.356,2023-03-24 18:03:30.356
eaf0a27d-1221-4190-9200-417dd1973833,ce9d2562-1bf9-4944-adaa-f3860f7d6223,"96601638-0db6-4ebe-bdd2-a4ce9a5fff32",2023-03-24 18:03:30.375,2023-03-24 18:03:30.375
"1757aea7-7e07-4a79-85d0-92a92e27571a","026120a2-063a-40f3-94b3-53a1a88ae708","96601638-0db6-4ebe-bdd2-a4ce9a5fff32",2023-03-24 18:03:30.388,2023-03-24 18:03:30.388
faaeec35-02de-4f2c-b122-d14f5098830f,"98876855-5737-4e81-a74c-c15b9e3b3a92","97224ed8-99ed-430f-8eb2-6f79dfe75564",2023-03-24 18:03:30.401,2023-03-24 18:03:30.401
"6d1858e3-ac0e-4a63-a0c9-1cdfdbefc10a",fbf4ddcb-3278-49e3-968a-6fff4263f130,"97224ed8-99ed-430f-8eb2-6f79dfe75564",2023-03-24 18:03:30.484,2023-03-24 18:03:30.484
"5e80a7d4-ad75-4d2f-9524-0f15436552ad","4eefe735-93d2-46ed-93ad-660b3dc286fb","97224ed8-99ed-430f-8eb2-6f79dfe75564",2023-03-24 18:03:30.520,2023-03-24 18:03:30.520
"062e8bb1-0bff-4063-a666-da5a3a50a668",ce9d2562-1bf9-4944-adaa-f3860f7d6223,"97224ed8-99ed-430f-8eb2-6f79dfe75564",2023-03-24 18:03:30.592,2023-03-24 18:03:30.592
faba33e6-b41d-4fdf-a6c6-93b77f86bc5b,"026120a2-063a-40f3-94b3-53a1a88ae708","97224ed8-99ed-430f-8eb2-6f79dfe75564",2023-03-24 18:03:30.627,2023-03-24 18:03:30.627
"61147bd9-7701-41da-bfc1-cf66b91ee029","98876855-5737-4e81-a74c-c15b9e3b3a92",b11f026f-96b3-4be3-85a9-7640f7d914a6,2023-03-24 18:03:30.639,2023-03-24 18:03:30.639
"172802c0-27ac-4224-a3a1-d02693572025","98876855-5737-4e81-a74c-c15b9e3b3a92",b11f026f-96b3-4be3-85a9-7640f7d914a6,2023-03-24 18:03:30.651,2023-03-24 18:03:30.651
"82191f49-87b3-4a56-896f-869a3e6ad49e",fbf4ddcb-3278-49e3-968a-6fff4263f130,b11f026f-96b3-4be3-85a9-7640f7d914a6,2023-03-24 18:03:30.659,2023-03-24 18:03:30.659
"92b6b061-18f3-4b2a-abc0-916aee1e6e7b",fbf4ddcb-3278-49e3-968a-6fff4263f130,b11f026f-96b3-4be3-85a9-7640f7d914a6,2023-03-24 18:03:30.668,2023-03-24 18:03:30.668
b185bd11-bce0-4bfb-a4f2-5f6852e24b59,"4eefe735-93d2-46ed-93ad-660b3dc286fb",b11f026f-96b3-4be3-85a9-7640f7d914a6,2023-03-24 18:03:30.686,2023-03-24 18:03:30.686
e70e48bb-a391-4f47-a82e-fe829d1b98f5,"4eefe735-93d2-46ed-93ad-660b3dc286fb",b11f026f-96b3-4be3-85a9-7640f7d914a6,2023-03-24 18:03:30.693,2023-03-24 18:03:30.693
"332d4983-ffae-4dac-876e-4d86743c1b25",ce9d2562-1bf9-4944-adaa-f3860f7d6223,b11f026f-96b3-4be3-85a9-7640f7d914a6,2023-03-24 18:03:30.702,2023-03-24 18:03:30.702
"5883cbba-b8ac-4fb7-96e6-aa318ee73d90",ce9d2562-1bf9-4944-adaa-f3860f7d6223,b11f026f-96b3-4be3-85a9-7640f7d914a6,2023-03-24 18:03:30.710,2023-03-24 18:03:30.710
"6e836e15-3511-4b5a-ac9d-ee26412f381f","026120a2-063a-40f3-94b3-53a1a88ae708",b11f026f-96b3-4be3-85a9-7640f7d914a6,2023-03-24 18:03:30.716,2023-03-24 18:03:30.716
"397b540f-02b4-4973-abd4-b15c26dabbe4","026120a2-063a-40f3-94b3-53a1a88ae708",b11f026f-96b3-4be3-85a9-7640f7d914a6,2023-03-24 18:03:30.726,2023-03-24 18:03:30.726
d8f63525-be32-4d33-a289-0d74454b8446,"211a5198-12e3-416c-ac3c-c71027c2793d","96601638-0db6-4ebe-bdd2-a4ce9a5fff32",2023-03-24 18:03:30.773,2023-03-24 18:03:30.773
"1eb2ebff-46df-4318-8576-68bca368fb7a","3c2b2f43-4abf-4f59-a347-8336f479b653","96601638-0db6-4ebe-bdd2-a4ce9a5fff32",2023-03-24 18:03:30.792,2023-03-24 18:03:30.792
"5c824c54-b625-41ba-800b-569a324d9330",ee33248a-9125-4a32-91e0-a1e45a67209b,"96601638-0db6-4ebe-bdd2-a4ce9a5fff32",2023-03-24 18:03:30.810,2023-03-24 18:03:30.810
"9276e06e-d1e1-4dac-a365-020cf2ee2ad4",c2a30f2a-eb66-41c2-81cd-99122f664698,"96601638-0db6-4ebe-bdd2-a4ce9a5fff32",2023-03-24 18:03:30.821,2023-03-24 18:03:30.821
"04ec782f-1d50-44a9-a943-c94310cfd30f",c808858d-7de5-40d6-9abe-6377e457a278,"96601638-0db6-4ebe-bdd2-a4ce9a5fff32",2023-03-24 18:03:30.833,2023-03-24 18:03:30.833
f6004e34-e1ee-4f64-b869-ffcee06d3cdc,"211a5198-12e3-416c-ac3c-c71027c2793d","97224ed8-99ed-430f-8eb2-6f79dfe75564",2023-03-24 18:03:30.845,2023-03-24 18:03:30.845
b0a379b6-be02-461d-bc10-337027334944,"3c2b2f43-4abf-4f59-a347-8336f479b653","97224ed8-99ed-430f-8eb2-6f79dfe75564",2023-03-24 18:03:30.906,2023-03-24 18:03:30.906
"4b25c4c6-f9fa-479e-b60a-0676ab3daf31",ee33248a-9125-4a32-91e0-a1e45a67209b,"97224ed8-99ed-430f-8eb2-6f79dfe75564",2023-03-24 18:03:30.936,2023-03-24 18:03:30.936
"0ee55124-e1b4-47c2-9768-a09a76aaa822",c2a30f2a-eb66-41c2-81cd-99122f664698,"97224ed8-99ed-430f-8eb2-6f79dfe75564",2023-03-24 18:03:30.953,2023-03-24 18:03:30.953
c44dd0bb-adf0-4387-9331-3aec474f124b,c808858d-7de5-40d6-9abe-6377e457a278,"97224ed8-99ed-430f-8eb2-6f79dfe75564",2023-03-24 18:03:30.974,2023-03-24 18:03:30.974
"0d33f7e9-a80a-4927-a7f0-c6be670b2f74","211a5198-12e3-416c-ac3c-c71027c2793d",b11f026f-96b3-4be3-85a9-7640f7d914a6,2023-03-24 18:03:30.998,2023-03-24 18:03:30.998
"4dde4b4e-7079-4603-a1db-e43bdf59d12b","211a5198-12e3-416c-ac3c-c71027c2793d",b11f026f-96b3-4be3-85a9-7640f7d914a6,2023-03-24 18:03:31.006,2023-03-24 18:03:31.006
"6d6a3915-4f87-49c0-9050-80351256976d","3c2b2f43-4abf-4f59-a347-8336f479b653",b11f026f-96b3-4be3-85a9-7640f7d914a6,2023-03-24 18:03:31.014,2023-03-24 18:03:31.014
"6398d8fd-e173-4751-ab95-7e03ba3ee868","3c2b2f43-4abf-4f59-a347-8336f479b653",b11f026f-96b3-4be3-85a9-7640f7d914a6,2023-03-24 18:03:31.023,2023-03-24 18:03:31.023
"243ebac3-bd83-4a4a-b9ee-41b90e550d37",ee33248a-9125-4a32-91e0-a1e45a67209b,b11f026f-96b3-4be3-85a9-7640f7d914a6,2023-03-24 18:03:31.031,2023-03-24 18:03:31.031
f69b17dd-545d-436c-a1eb-6355fdaf3ffb,ee33248a-9125-4a32-91e0-a1e45a67209b,b11f026f-96b3-4be3-85a9-7640f7d914a6,2023-03-24 18:03:31.041,2023-03-24 18:03:31.041
"9c9b35a8-982d-47cd-89df-9f34e687e4fc",c2a30f2a-eb66-41c2-81cd-99122f664698,b11f026f-96b3-4be3-85a9-7640f7d914a6,2023-03-24 18:03:31.047,2023-03-24 18:03:31.047
"86628d1e-cff0-4a7a-8e36-d19b47358e92",c808858d-7de5-40d6-9abe-6377e457a278,b11f026f-96b3-4be3-85a9-7640f7d914a6,2023-03-24 18:03:31.053,2023-03-24 18:03:31.053
"0d2b7b89-bf26-4f39-84d3-ee91f18bac2e","8e951538-6548-498c-b3aa-d42dd3bbb6d5","96601638-0db6-4ebe-bdd2-a4ce9a5fff32",2023-03-24 18:03:31.106,2023-03-24 18:03:31.106
"5df3ee26-a777-4716-b201-e93ccd7fa64a",e4be3911-6b43-46b2-b41a-1a08e3d88ad8,"96601638-0db6-4ebe-bdd2-a4ce9a5fff32",2023-03-24 18:03:31.117,2023-03-24 18:03:31.117
"8a2f711b-8654-44aa-b9e8-527b1e2fe9b5",e101f909-9cbd-45bf-a0ba-99f52739671e,"96601638-0db6-4ebe-bdd2-a4ce9a5fff32",2023-03-24 18:03:31.124,2023-03-24 18:03:31.124
c8717ce0-0a07-4f3c-a379-9ca44fccfb39,"8585bdfa-1671-471d-aa59-c583edd4171d","96601638-0db6-4ebe-bdd2-a4ce9a5fff32",2023-03-24 18:03:31.133,2023-03-24 18:03:31.133
"9ec5af91-84e8-4414-a124-71c15c5a18d8","20cf0f57-3e1e-403d-830b-c65bfe806e21","96601638-0db6-4ebe-bdd2-a4ce9a5fff32",2023-03-24 18:03:31.148,2023-03-24 18:03:31.148
bf73fca8-5814-4485-b4d0-cdcf34e0bfa4,"8e951538-6548-498c-b3aa-d42dd3bbb6d5","97224ed8-99ed-430f-8eb2-6f79dfe75564",2023-03-24 18:03:31.165,2023-03-24 18:03:31.165
a51d29c4-4f54-434a-87d7-f5a408881f48,e4be3911-6b43-46b2-b41a-1a08e3d88ad8,"97224ed8-99ed-430f-8eb2-6f79dfe75564",2023-03-24 18:03:31.181,2023-03-24 18:03:31.181
"90e9d1bd-22bb-4452-8a44-aa3e85051d68",e101f909-9cbd-45bf-a0ba-99f52739671e,"97224ed8-99ed-430f-8eb2-6f79dfe75564",2023-03-24 18:03:31.198,2023-03-24 18:03:31.198
"66f2f1a2-b204-4ca7-8903-afb8e314e86d","8585bdfa-1671-471d-aa59-c583edd4171d","97224ed8-99ed-430f-8eb2-6f79dfe75564",2023-03-24 18:03:31.225,2023-03-24 18:03:31.225
"5bd68116-d7b0-4c2e-a355-b214fe8288eb","20cf0f57-3e1e-403d-830b-c65bfe806e21","97224ed8-99ed-430f-8eb2-6f79dfe75564",2023-03-24 18:03:31.249,2023-03-24 18:03:31.249
"98dbb2c7-912f-4e75-b927-8a46cd1658ce","8e951538-6548-498c-b3aa-d42dd3bbb6d5",b11f026f-96b3-4be3-85a9-7640f7d914a6,2023-03-24 18:03:31.285,2023-03-24 18:03:31.285
"1681b7fd-1ca8-4c7d-8b0c-982a238ba99e",e4be3911-6b43-46b2-b41a-1a08e3d88ad8,b11f026f-96b3-4be3-85a9-7640f7d914a6,2023-03-24 18:03:31.310,2023-03-24 18:03:31.310
"0baac6ed-e780-4cc1-a5cd-8ced30f736e5",e101f909-9cbd-45bf-a0ba-99f52739671e,b11f026f-96b3-4be3-85a9-7640f7d914a6,2023-03-24 18:03:31.351,2023-03-24 18:03:31.351
a65e328e-96b1-4ef3-a65a-385899998cc5,"8585bdfa-1671-471d-aa59-c583edd4171d",b11f026f-96b3-4be3-85a9-7640f7d914a6,2023-03-24 18:03:31.382,2023-03-24 18:03:31.382
bdbd8eab-eb0d-4b93-a917-ba46d93d4bf3,"20cf0f57-3e1e-403d-830b-c65bfe806e21",b11f026f-96b3-4be3-85a9-7640f7d914a6,2023-03-24 18:03:31.407,2023-03-24 18:03:31.407
