"id","answerId","createdAt","updatedAt"
e9318ded-65b4-450c-a9a9-86c00d8977dd,d87e4045-d981-4deb-88f4-77ce32399e3b,2023-03-24 18:03:29.377,2023-03-24 18:03:29.377
bacf51c7-0ac5-4dde-9238-cc3905065f30,d87e4045-d981-4deb-88f4-77ce32399e3b,2023-03-24 18:03:29.377,2023-03-24 18:03:29.377
"875a3d69-cf50-46c4-baa2-f97f9c3aff56",d87e4045-d981-4deb-88f4-77ce32399e3b,2023-03-24 18:03:29.377,2023-03-24 18:03:29.377
b5d3ec3e-a901-4d36-bba4-f9edf8b893c2,d87e4045-d981-4deb-88f4-77ce32399e3b,2023-03-24 18:03:29.377,2023-03-24 18:03:29.377
"9b80ee06-73bd-487b-b00d-dcb8f5770e83",d87e4045-d981-4deb-88f4-77ce32399e3b,2023-03-24 18:03:29.377,2023-03-24 18:03:29.377
"30370680-e3e0-4027-a133-9da0a570d3bd",d87e4045-d981-4deb-88f4-77ce32399e3b,2023-03-24 18:03:29.377,2023-03-24 18:03:29.377
d87ae8c9-78fe-48a6-947f-cf5957dbde56,e98b7495-3019-42fa-80fb-363468a82ac2,2023-03-24 18:03:29.400,2023-03-24 18:03:29.400
"4aefe4df-424e-43d7-a6a6-cf0fe22fd46d",e98b7495-3019-42fa-80fb-363468a82ac2,2023-03-24 18:03:29.400,2023-03-24 18:03:29.400
e18e259c-4cd5-4f97-916b-de98d015f840,e98b7495-3019-42fa-80fb-363468a82ac2,2023-03-24 18:03:29.400,2023-03-24 18:03:29.400
a796a1d9-a28e-4075-be58-d73cfc595990,e98b7495-3019-42fa-80fb-363468a82ac2,2023-03-24 18:03:29.400,2023-03-24 18:03:29.400
e07f3e37-9b06-45fe-b03c-aca655cb5044,e98b7495-3019-42fa-80fb-363468a82ac2,2023-03-24 18:03:29.400,2023-03-24 18:03:29.400
"63a33144-1eef-43b7-9ade-e5d2401c8323",e98b7495-3019-42fa-80fb-363468a82ac2,2023-03-24 18:03:29.400,2023-03-24 18:03:29.400
"345f117e-b05a-4b5f-9f0f-bcc1d2459478",e98b7495-3019-42fa-80fb-363468a82ac2,2023-03-24 18:03:29.400,2023-03-24 18:03:29.400
"236e5a6b-979a-486c-b1b1-a158831128a1","52da8df5-b0d1-46fc-9e17-828723aaeb63",2023-03-24 18:03:29.422,2023-03-24 18:03:29.422
cdf71810-9352-4ff6-941e-84bfb65bade3,"52da8df5-b0d1-46fc-9e17-828723aaeb63",2023-03-24 18:03:29.422,2023-03-24 18:03:29.422
"79c313a0-fc09-4f00-900f-486c13e38a15","52da8df5-b0d1-46fc-9e17-828723aaeb63",2023-03-24 18:03:29.422,2023-03-24 18:03:29.422
"3acdd354-7f17-486c-b93b-1b3ab51d12d2","52da8df5-b0d1-46fc-9e17-828723aaeb63",2023-03-24 18:03:29.422,2023-03-24 18:03:29.422
"01dd73fb-15f2-40d4-9087-3e48011a49a2","52da8df5-b0d1-46fc-9e17-828723aaeb63",2023-03-24 18:03:29.422,2023-03-24 18:03:29.422
a2d00d52-4079-4470-baed-4352c951d514,e727b6c6-b90d-42a9-887b-35106ace7898,2023-03-24 18:03:29.442,2023-03-24 18:03:29.442
ba7a38b1-87d7-4630-b4a5-4ecd54e2eb95,e727b6c6-b90d-42a9-887b-35106ace7898,2023-03-24 18:03:29.442,2023-03-24 18:03:29.442
"50ba3094-5ad4-497b-b991-4f08f9600868",e727b6c6-b90d-42a9-887b-35106ace7898,2023-03-24 18:03:29.442,2023-03-24 18:03:29.442
"3541cf6a-09d4-44d5-bb56-e2731089543a",e727b6c6-b90d-42a9-887b-35106ace7898,2023-03-24 18:03:29.442,2023-03-24 18:03:29.442
d8cd15ae-5182-4de1-a1d1-3cd284e79bb8,e727b6c6-b90d-42a9-887b-35106ace7898,2023-03-24 18:03:29.442,2023-03-24 18:03:29.442
"0a6f6e18-6ad9-4ac1-a287-fd4021a98fde","3c884f25-df39-4f76-888d-36120a7cf6fe",2023-03-24 18:03:29.467,2023-03-24 18:03:29.467
af5f451f-ac97-41f9-8b52-ac0260e0508c,"3c884f25-df39-4f76-888d-36120a7cf6fe",2023-03-24 18:03:29.467,2023-03-24 18:03:29.467
"4757f1a8-f2c6-437a-a2c6-8f0096e8dce3","3c884f25-df39-4f76-888d-36120a7cf6fe",2023-03-24 18:03:29.467,2023-03-24 18:03:29.467
"18a700f5-178b-4937-8ff7-986cf7b72a94","3c884f25-df39-4f76-888d-36120a7cf6fe",2023-03-24 18:03:29.467,2023-03-24 18:03:29.467
"0fc26184-d1fe-400c-92f4-38b942c9e307","64fbe717-6af0-49d7-9737-1b5d5869573a",2023-03-24 18:03:29.490,2023-03-24 18:03:29.490
a27aa165-4100-4eff-bd82-065b35e067cc,"64fbe717-6af0-49d7-9737-1b5d5869573a",2023-03-24 18:03:29.490,2023-03-24 18:03:29.490
"34440c7f-aac6-4213-aedc-d3ddf246d20d","64fbe717-6af0-49d7-9737-1b5d5869573a",2023-03-24 18:03:29.490,2023-03-24 18:03:29.490
"48c123e9-62d4-418e-9fe5-78a07cb13340","64fbe717-6af0-49d7-9737-1b5d5869573a",2023-03-24 18:03:29.490,2023-03-24 18:03:29.490
"2acf241b-2eef-451d-85a6-66e7b56e1f28","64fbe717-6af0-49d7-9737-1b5d5869573a",2023-03-24 18:03:29.490,2023-03-24 18:03:29.490
e8dfd2ca-1e5e-434b-918d-54249be362c6,"64fbe717-6af0-49d7-9737-1b5d5869573a",2023-03-24 18:03:29.490,2023-03-24 18:03:29.490
"53ee7737-12c3-4f11-bd01-9361440be094","64fbe717-6af0-49d7-9737-1b5d5869573a",2023-03-24 18:03:29.490,2023-03-24 18:03:29.490
"79704410-5f9f-48fe-8fab-451d134969a4","64fbe717-6af0-49d7-9737-1b5d5869573a",2023-03-24 18:03:29.490,2023-03-24 18:03:29.490
"122139f9-4b22-41ab-b876-95530c5bd3d7","64fbe717-6af0-49d7-9737-1b5d5869573a",2023-03-24 18:03:29.490,2023-03-24 18:03:29.490
"96e65b36-f76c-4235-8155-c081c0f5c2df","64fbe717-6af0-49d7-9737-1b5d5869573a",2023-03-24 18:03:29.490,2023-03-24 18:03:29.490
"2500c1c7-d308-4a79-872a-6cdeb5611f79","64fbe717-6af0-49d7-9737-1b5d5869573a",2023-03-24 18:03:29.490,2023-03-24 18:03:29.490
"552f282c-3a3f-4cb2-a6c0-76f6a8f263b1","64fbe717-6af0-49d7-9737-1b5d5869573a",2023-03-24 18:03:29.490,2023-03-24 18:03:29.490
d0caca45-2257-4436-bcb2-8684d4319f31,"64fbe717-6af0-49d7-9737-1b5d5869573a",2023-03-24 18:03:29.490,2023-03-24 18:03:29.490
"5ec6ea5f-f11d-478f-a6b4-171d660232e0","64fbe717-6af0-49d7-9737-1b5d5869573a",2023-03-24 18:03:29.490,2023-03-24 18:03:29.490
"2d2646c8-a29a-417b-bf34-e63197a598c5",df7d167f-2318-4c24-87d2-df796ff4254d,2023-03-24 18:03:29.520,2023-03-24 18:03:29.520
"022369d3-c99f-441d-b645-d2410d36980f",df7d167f-2318-4c24-87d2-df796ff4254d,2023-03-24 18:03:29.520,2023-03-24 18:03:29.520
eebfcd25-022e-4134-829e-54d1414031a3,df7d167f-2318-4c24-87d2-df796ff4254d,2023-03-24 18:03:29.520,2023-03-24 18:03:29.520
"46a3e2e8-b0d8-4dfd-86fd-258caf910704",df7d167f-2318-4c24-87d2-df796ff4254d,2023-03-24 18:03:29.520,2023-03-24 18:03:29.520
"25b97b26-9323-4f23-9cba-63d18f0abaa4",df7d167f-2318-4c24-87d2-df796ff4254d,2023-03-24 18:03:29.520,2023-03-24 18:03:29.520
"3666f899-c9da-476f-aae9-5f9684d97ac3",df7d167f-2318-4c24-87d2-df796ff4254d,2023-03-24 18:03:29.520,2023-03-24 18:03:29.520
"3ceedbd8-7e9c-4c12-9ac2-5a6b0be5bfba",df7d167f-2318-4c24-87d2-df796ff4254d,2023-03-24 18:03:29.520,2023-03-24 18:03:29.520
"5f4ac6cd-b384-4a99-9147-5cbdac4c90fb",df7d167f-2318-4c24-87d2-df796ff4254d,2023-03-24 18:03:29.520,2023-03-24 18:03:29.520
dc63aa84-bfbf-4b18-911e-bf05363797b8,df7d167f-2318-4c24-87d2-df796ff4254d,2023-03-24 18:03:29.520,2023-03-24 18:03:29.520
"1c30044a-506e-4a68-8e67-8dd8c074b132",df7d167f-2318-4c24-87d2-df796ff4254d,2023-03-24 18:03:29.520,2023-03-24 18:03:29.520
c31de327-2530-40a5-b064-166e6141afe4,df7d167f-2318-4c24-87d2-df796ff4254d,2023-03-24 18:03:29.520,2023-03-24 18:03:29.520
e2ffa93c-0f22-48a6-bd13-9399b42fab98,df7d167f-2318-4c24-87d2-df796ff4254d,2023-03-24 18:03:29.520,2023-03-24 18:03:29.520
decd543f-c092-459a-943f-8f6fe7affe0a,"17ac63c5-0682-44fa-83c8-cf87a9980bea",2023-03-24 18:03:29.550,2023-03-24 18:03:29.550
bda8d43d-e9e4-42ca-ba31-8370fe5a3c08,"17ac63c5-0682-44fa-83c8-cf87a9980bea",2023-03-24 18:03:29.550,2023-03-24 18:03:29.550
"86d05fb0-7f90-4f75-80d6-adf768002f6e","17ac63c5-0682-44fa-83c8-cf87a9980bea",2023-03-24 18:03:29.550,2023-03-24 18:03:29.550
bf009def-8198-43dc-bb0e-8dd9eed7b4ec,"17ac63c5-0682-44fa-83c8-cf87a9980bea",2023-03-24 18:03:29.550,2023-03-24 18:03:29.550
ee38be13-8d38-4518-bed6-7b6ef433950d,"17ac63c5-0682-44fa-83c8-cf87a9980bea",2023-03-24 18:03:29.550,2023-03-24 18:03:29.550
"54aa677a-141a-4cc8-a319-9c6a055205b2","17ac63c5-0682-44fa-83c8-cf87a9980bea",2023-03-24 18:03:29.550,2023-03-24 18:03:29.550
"21126f99-2eeb-403c-b961-664aeef468c7","17ac63c5-0682-44fa-83c8-cf87a9980bea",2023-03-24 18:03:29.550,2023-03-24 18:03:29.550
"5e93a604-8807-4120-b8bb-1a8c7adaf9bf","17ac63c5-0682-44fa-83c8-cf87a9980bea",2023-03-24 18:03:29.550,2023-03-24 18:03:29.550
"1fe276e5-87f6-42c5-9172-bd12876b978f","17ac63c5-0682-44fa-83c8-cf87a9980bea",2023-03-24 18:03:29.550,2023-03-24 18:03:29.550
"4d8d0ebd-5d12-4b2a-b1d0-46b8c6b9008e","17ac63c5-0682-44fa-83c8-cf87a9980bea",2023-03-24 18:03:29.550,2023-03-24 18:03:29.550
fc82ecc3-cb9e-4f3e-a5d7-dae26c82ee99,"17ac63c5-0682-44fa-83c8-cf87a9980bea",2023-03-24 18:03:29.550,2023-03-24 18:03:29.550
d26d14bb-3220-4df3-b674-b981989f745f,"17ac63c5-0682-44fa-83c8-cf87a9980bea",2023-03-24 18:03:29.550,2023-03-24 18:03:29.550
d00d2287-ef1e-4bfc-a83d-89af3fce3eef,"17ac63c5-0682-44fa-83c8-cf87a9980bea",2023-03-24 18:03:29.550,2023-03-24 18:03:29.550
c31db8fa-1350-451a-94c5-c5f0a780eec9,"17ac63c5-0682-44fa-83c8-cf87a9980bea",2023-03-24 18:03:29.550,2023-03-24 18:03:29.550
cda63e32-de65-41a4-9daa-964d8425dba9,"17ac63c5-0682-44fa-83c8-cf87a9980bea",2023-03-24 18:03:29.550,2023-03-24 18:03:29.550
"1766088c-5dec-4cbd-bc3c-a5406383b883","438a9193-6803-4b83-b6c2-15b78ea9a293",2023-03-24 18:03:29.591,2023-03-24 18:03:29.591
"196ebf49-89c8-4b8c-9136-528bc200d667","438a9193-6803-4b83-b6c2-15b78ea9a293",2023-03-24 18:03:29.591,2023-03-24 18:03:29.591
"6d4114ab-8e7d-4c76-9978-96d3cdde4cf4","438a9193-6803-4b83-b6c2-15b78ea9a293",2023-03-24 18:03:29.591,2023-03-24 18:03:29.591
"4cd0ac5e-dc61-4a77-848c-8a5f2f3649e9","438a9193-6803-4b83-b6c2-15b78ea9a293",2023-03-24 18:03:29.591,2023-03-24 18:03:29.591
"84ce4032-1b92-493c-890b-894a333afa83","438a9193-6803-4b83-b6c2-15b78ea9a293",2023-03-24 18:03:29.591,2023-03-24 18:03:29.591
"6c312450-70b9-4290-a1e4-15b23c82142f","438a9193-6803-4b83-b6c2-15b78ea9a293",2023-03-24 18:03:29.591,2023-03-24 18:03:29.591
"6f5aea71-2a32-43d7-9dca-074cf725462c","438a9193-6803-4b83-b6c2-15b78ea9a293",2023-03-24 18:03:29.591,2023-03-24 18:03:29.591
"1cbd0da6-dae2-4965-95c4-55b041d31a32","438a9193-6803-4b83-b6c2-15b78ea9a293",2023-03-24 18:03:29.591,2023-03-24 18:03:29.591
"9bbe557b-546b-46bc-8518-9a40553084af","438a9193-6803-4b83-b6c2-15b78ea9a293",2023-03-24 18:03:29.591,2023-03-24 18:03:29.591
"4f6f4d32-69e8-4c07-b46d-ec007ff52a3b","438a9193-6803-4b83-b6c2-15b78ea9a293",2023-03-24 18:03:29.591,2023-03-24 18:03:29.591
b02a7685-15bf-4283-9256-df859bf7a698,"438a9193-6803-4b83-b6c2-15b78ea9a293",2023-03-24 18:03:29.591,2023-03-24 18:03:29.591
a9c38850-0912-4c78-b46d-d5c38c488171,"438a9193-6803-4b83-b6c2-15b78ea9a293",2023-03-24 18:03:29.591,2023-03-24 18:03:29.591
"6361346d-affe-4cfa-b5a8-898bc4532712","438a9193-6803-4b83-b6c2-15b78ea9a293",2023-03-24 18:03:29.591,2023-03-24 18:03:29.591
"709e0011-5e5c-4dc2-92eb-65abdc0b1f72",dec5b050-ac80-4a0d-a52b-4ed0c54641ae,2023-03-24 18:03:29.619,2023-03-24 18:03:29.619
"13edfe2f-e99b-4146-96ca-50668935107d",dec5b050-ac80-4a0d-a52b-4ed0c54641ae,2023-03-24 18:03:29.619,2023-03-24 18:03:29.619
"034c0f4c-aac4-405a-8672-16ab3d28b506",dec5b050-ac80-4a0d-a52b-4ed0c54641ae,2023-03-24 18:03:29.619,2023-03-24 18:03:29.619
da0b08bc-9ef9-4e9f-b533-11f41b418887,dec5b050-ac80-4a0d-a52b-4ed0c54641ae,2023-03-24 18:03:29.619,2023-03-24 18:03:29.619
"0fc2c665-ad60-454b-8871-b3801a46094c",dec5b050-ac80-4a0d-a52b-4ed0c54641ae,2023-03-24 18:03:29.619,2023-03-24 18:03:29.619
"57cfe6aa-8c8f-447e-b97e-d291138d8e9b",dec5b050-ac80-4a0d-a52b-4ed0c54641ae,2023-03-24 18:03:29.619,2023-03-24 18:03:29.619
c909604e-33d5-4a60-869e-f02660582a07,dec5b050-ac80-4a0d-a52b-4ed0c54641ae,2023-03-24 18:03:29.619,2023-03-24 18:03:29.619
"6a015867-5a9e-4475-880e-7d36855321ef",dec5b050-ac80-4a0d-a52b-4ed0c54641ae,2023-03-24 18:03:29.619,2023-03-24 18:03:29.619
"4c5fa0f4-ff0a-4b37-be07-d779d11116cb",dec5b050-ac80-4a0d-a52b-4ed0c54641ae,2023-03-24 18:03:29.619,2023-03-24 18:03:29.619
aebc5d95-c64a-4035-b0e9-4b146239a769,dec5b050-ac80-4a0d-a52b-4ed0c54641ae,2023-03-24 18:03:29.619,2023-03-24 18:03:29.619
d7a5d41f-fcf9-4400-8182-2e26323ee7a1,dec5b050-ac80-4a0d-a52b-4ed0c54641ae,2023-03-24 18:03:29.619,2023-03-24 18:03:29.619
a0b540c5-9680-43df-b929-6d74494d00fe,dec5b050-ac80-4a0d-a52b-4ed0c54641ae,2023-03-24 18:03:29.619,2023-03-24 18:03:29.619
"7337dd5d-20e3-4a3a-87cf-f5003ce51843",dec5b050-ac80-4a0d-a52b-4ed0c54641ae,2023-03-24 18:03:29.619,2023-03-24 18:03:29.619
dadde0a6-15dd-4bcb-9809-1b6e2142e819,dec5b050-ac80-4a0d-a52b-4ed0c54641ae,2023-03-24 18:03:29.619,2023-03-24 18:03:29.619
c9e28d03-59e4-4263-ab16-5cb9b4e084aa,dec5b050-ac80-4a0d-a52b-4ed0c54641ae,2023-03-24 18:03:29.619,2023-03-24 18:03:29.619
"07dddc41-ce38-4b29-bfe8-ddeecad95bd5",dec5b050-ac80-4a0d-a52b-4ed0c54641ae,2023-03-24 18:03:29.619,2023-03-24 18:03:29.619
"0cb55939-1e83-4a12-ae34-e22bad2acaad",dec5b050-ac80-4a0d-a52b-4ed0c54641ae,2023-03-24 18:03:29.619,2023-03-24 18:03:29.619
"5e219002-6253-4b6c-84bc-55dbeff64df9",dec5b050-ac80-4a0d-a52b-4ed0c54641ae,2023-03-24 18:03:29.619,2023-03-24 18:03:29.619
e76c8363-29aa-40d6-a657-91dab4bfa65e,dec5b050-ac80-4a0d-a52b-4ed0c54641ae,2023-03-24 18:03:29.619,2023-03-24 18:03:29.619
cc463ade-b8ba-4726-b062-ef5d1d855d51,dec5b050-ac80-4a0d-a52b-4ed0c54641ae,2023-03-24 18:03:29.619,2023-03-24 18:03:29.619
"299673ce-e4f0-4e45-af03-a5cda5ca2253",dec5b050-ac80-4a0d-a52b-4ed0c54641ae,2023-03-24 18:03:29.619,2023-03-24 18:03:29.619
c4e4b70b-cdfd-421f-a9e5-b924d75bd90f,"994216b4-1b02-4fbe-a72d-ab9fbc99d636",2023-03-24 18:03:29.795,2023-03-24 18:03:29.795
"25c58733-6115-4ede-af5d-7f80ea0c5289","994216b4-1b02-4fbe-a72d-ab9fbc99d636",2023-03-24 18:03:29.795,2023-03-24 18:03:29.795
"2d851350-feff-45af-b26e-91d63e0e5064","994216b4-1b02-4fbe-a72d-ab9fbc99d636",2023-03-24 18:03:29.795,2023-03-24 18:03:29.795
"508d6ff6-efba-4028-893b-c758fd6dd01a","994216b4-1b02-4fbe-a72d-ab9fbc99d636",2023-03-24 18:03:29.795,2023-03-24 18:03:29.795
"35f1d906-dbac-4da4-a4b8-5fa472f1c4db","20de7465-c67b-4358-b4f6-842518854d8a",2023-03-24 18:03:29.808,2023-03-24 18:03:29.808
da2ae6c9-0212-4eeb-9802-cc9732de2701,"20de7465-c67b-4358-b4f6-842518854d8a",2023-03-24 18:03:29.808,2023-03-24 18:03:29.808
e5ffba35-5c4e-4f8c-86bf-68fd601a39a9,"20de7465-c67b-4358-b4f6-842518854d8a",2023-03-24 18:03:29.808,2023-03-24 18:03:29.808
"42fccb53-216a-4be4-9fdb-e6f19902b878","56258c7b-a6bf-4c78-80e2-310a0b941146",2023-03-24 18:03:29.817,2023-03-24 18:03:29.817
e0858707-afe0-499d-8219-79631522427c,"56258c7b-a6bf-4c78-80e2-310a0b941146",2023-03-24 18:03:29.817,2023-03-24 18:03:29.817
f425a22a-b7f4-460d-8043-a72c73e10973,"56258c7b-a6bf-4c78-80e2-310a0b941146",2023-03-24 18:03:29.817,2023-03-24 18:03:29.817
f3eaaae4-a08e-4b15-a5cb-cecfc60aba9d,"56258c7b-a6bf-4c78-80e2-310a0b941146",2023-03-24 18:03:29.817,2023-03-24 18:03:29.817
d142b81b-5fcd-49a8-9a5a-e1138da54229,"847c9b44-395d-43d5-90f4-cdea416c4cb1",2023-03-24 18:03:29.827,2023-03-24 18:03:29.827
"345d5f59-608f-4ab5-b684-f3d96d0ba489","31c628a6-63a8-4d48-a32f-8d70ff243b4f",2023-03-24 18:03:29.834,2023-03-24 18:03:29.834
"7074c0f1-a61b-43a1-87b6-1723b60da40b","31c628a6-63a8-4d48-a32f-8d70ff243b4f",2023-03-24 18:03:29.834,2023-03-24 18:03:29.834
e0e40128-d2da-4904-8215-d5e1396d2d2e,"31c628a6-63a8-4d48-a32f-8d70ff243b4f",2023-03-24 18:03:29.834,2023-03-24 18:03:29.834
"57a48e71-f07c-41e6-ab98-434499d55ab5","31c628a6-63a8-4d48-a32f-8d70ff243b4f",2023-03-24 18:03:29.834,2023-03-24 18:03:29.834
"544459e8-5436-4b89-a03c-f402ec7fa9f5","14899068-d2be-4cee-9cbc-ab3ae406c473",2023-03-24 18:03:29.844,2023-03-24 18:03:29.844
"20fda5e5-d30d-429e-9412-3760b1186cd0",a82abf72-d80c-4099-aaef-470ff25f74f8,2023-03-24 18:03:29.852,2023-03-24 18:03:29.852
b968f3a8-3a86-415f-a525-90ade1417398,a82abf72-d80c-4099-aaef-470ff25f74f8,2023-03-24 18:03:29.852,2023-03-24 18:03:29.852
"667e5d23-d970-43fb-a2cc-670560052c3b",a82abf72-d80c-4099-aaef-470ff25f74f8,2023-03-24 18:03:29.852,2023-03-24 18:03:29.852
eef6c18f-1192-4439-97ca-a44f0a95bcb3,d4e5888e-1e65-4d2c-890f-6ecb4ff0053c,2023-03-24 18:03:29.863,2023-03-24 18:03:29.863
"5ff7d87c-07af-4c51-bf1d-e361adadba06",d4e5888e-1e65-4d2c-890f-6ecb4ff0053c,2023-03-24 18:03:29.863,2023-03-24 18:03:29.863
d4f899ad-96b9-4bb4-833a-d01cc0aefcda,d4e5888e-1e65-4d2c-890f-6ecb4ff0053c,2023-03-24 18:03:29.863,2023-03-24 18:03:29.863
db2343ea-0da7-415d-a4e4-4a1ff2e8182a,"47a90be1-6239-43c3-8039-8f6e3aaafb79",2023-03-24 18:03:29.873,2023-03-24 18:03:29.873
"9efe3f38-bec0-480b-92f5-255b935b63fc","47a90be1-6239-43c3-8039-8f6e3aaafb79",2023-03-24 18:03:29.873,2023-03-24 18:03:29.873
d4a759a2-7702-4d36-9460-8c19a36208b1,"47a90be1-6239-43c3-8039-8f6e3aaafb79",2023-03-24 18:03:29.873,2023-03-24 18:03:29.873
b13772b3-f6b6-494b-bfa2-c2cbecc7a1e8,"47a90be1-6239-43c3-8039-8f6e3aaafb79",2023-03-24 18:03:29.873,2023-03-24 18:03:29.873
ce806e40-f6f1-4b3a-b2c2-8dda1881d9fb,"4ed9ecf1-8c3a-42d1-a044-14c0644d09e2",2023-03-24 18:03:29.882,2023-03-24 18:03:29.882
"2c9c9abe-f17b-4be1-be23-24c0de2df5e0",a59fdb1b-20b8-4787-b037-b4c7d063867d,2023-03-24 18:03:29.936,2023-03-24 18:03:29.936
"8f7e1eb6-5aff-4a4a-bd3e-9a9245ca62bf",a59fdb1b-20b8-4787-b037-b4c7d063867d,2023-03-24 18:03:29.936,2023-03-24 18:03:29.936
"61865745-9518-4890-b479-3b485f27446d",a59fdb1b-20b8-4787-b037-b4c7d063867d,2023-03-24 18:03:29.936,2023-03-24 18:03:29.936
ae2eee93-56ee-4860-987c-c554a3f1f9cf,a59fdb1b-20b8-4787-b037-b4c7d063867d,2023-03-24 18:03:29.936,2023-03-24 18:03:29.936
e5d0576d-d70f-42c6-bb1c-884ea1accbf5,a59fdb1b-20b8-4787-b037-b4c7d063867d,2023-03-24 18:03:29.936,2023-03-24 18:03:29.936
c41546e0-8648-40f0-8eef-a7304773a2f2,a59fdb1b-20b8-4787-b037-b4c7d063867d,2023-03-24 18:03:29.936,2023-03-24 18:03:29.936
a3973e98-17f8-40ce-b680-4e921589c858,a59fdb1b-20b8-4787-b037-b4c7d063867d,2023-03-24 18:03:29.936,2023-03-24 18:03:29.936
"1e9ba414-034c-467b-809b-64d84ad723e1",d0b19555-f46b-4ea7-96de-ebca0fd8db32,2023-03-24 18:03:29.954,2023-03-24 18:03:29.954
e2cb331b-128b-4974-87bc-9dd13426cb82,d0b19555-f46b-4ea7-96de-ebca0fd8db32,2023-03-24 18:03:29.954,2023-03-24 18:03:29.954
a2835891-9bde-4774-b59c-966eada28ddd,d0b19555-f46b-4ea7-96de-ebca0fd8db32,2023-03-24 18:03:29.954,2023-03-24 18:03:29.954
d7f203f5-b724-455b-bf77-fc6d8b1c9713,d0b19555-f46b-4ea7-96de-ebca0fd8db32,2023-03-24 18:03:29.954,2023-03-24 18:03:29.954
"6a5ac81c-a447-4be3-84c5-fb690460ca61",d0b19555-f46b-4ea7-96de-ebca0fd8db32,2023-03-24 18:03:29.954,2023-03-24 18:03:29.954
a055376c-6281-4296-a406-295c4e0497b6,d0b19555-f46b-4ea7-96de-ebca0fd8db32,2023-03-24 18:03:29.954,2023-03-24 18:03:29.954
"4dfb020f-88de-4f5b-9cdc-b75c7f86819d",d0b19555-f46b-4ea7-96de-ebca0fd8db32,2023-03-24 18:03:29.954,2023-03-24 18:03:29.954
"809bbeaa-6c4f-4a50-bdb8-d3339debfc8e",d0b19555-f46b-4ea7-96de-ebca0fd8db32,2023-03-24 18:03:29.954,2023-03-24 18:03:29.954
d1454b7f-1b18-417a-be66-5239bdfff21f,d0b19555-f46b-4ea7-96de-ebca0fd8db32,2023-03-24 18:03:29.954,2023-03-24 18:03:29.954
"171baa77-9aa2-4bcb-9c0c-d6557248ee5b",d0b19555-f46b-4ea7-96de-ebca0fd8db32,2023-03-24 18:03:29.954,2023-03-24 18:03:29.954
"283aa9fb-0028-4288-add0-4020bdbe5c24",ad64b9b0-98b5-4b69-b88e-e600fee48bed,2023-03-24 18:03:29.982,2023-03-24 18:03:29.982
feafa330-8f02-4b27-8f68-6cda65b908af,ad64b9b0-98b5-4b69-b88e-e600fee48bed,2023-03-24 18:03:29.982,2023-03-24 18:03:29.982
"3ed0554f-bea9-4f81-94d9-945ca41c8800",ad64b9b0-98b5-4b69-b88e-e600fee48bed,2023-03-24 18:03:29.982,2023-03-24 18:03:29.982
"6b305c5a-aef1-4bc9-a70f-3fbba68d3956","33d101aa-6867-4149-99ab-878b2e088115",2023-03-24 18:03:29.992,2023-03-24 18:03:29.992
f79b1542-e465-4a91-8cd5-6b6dac4c5180,"33d101aa-6867-4149-99ab-878b2e088115",2023-03-24 18:03:29.992,2023-03-24 18:03:29.992
"297d73f5-9106-40b2-8a28-79e45134ad1c","33d101aa-6867-4149-99ab-878b2e088115",2023-03-24 18:03:29.992,2023-03-24 18:03:29.992
cc45479c-60e2-4da2-8244-0d775bc3f84e,"33d101aa-6867-4149-99ab-878b2e088115",2023-03-24 18:03:29.992,2023-03-24 18:03:29.992
"4556db31-c6f9-45e8-aae2-4df7848ec689","33d101aa-6867-4149-99ab-878b2e088115",2023-03-24 18:03:29.992,2023-03-24 18:03:29.992
"9c7e733d-5385-4ec6-9c6e-1a079b186ea8","8d779087-cc37-47a8-9b69-991ed819f398",2023-03-24 18:03:30.004,2023-03-24 18:03:30.004
"8a0f9adb-957b-410a-915d-7a1c611f58f1","8d779087-cc37-47a8-9b69-991ed819f398",2023-03-24 18:03:30.004,2023-03-24 18:03:30.004
"81345b84-a0d9-44c9-a179-e0dd0ed641b9","8d779087-cc37-47a8-9b69-991ed819f398",2023-03-24 18:03:30.004,2023-03-24 18:03:30.004
a01f2d95-1b2c-40bd-877a-315a8b8fc79b,"8d779087-cc37-47a8-9b69-991ed819f398",2023-03-24 18:03:30.004,2023-03-24 18:03:30.004
"332f0c8c-1a22-48bd-9fbd-e49f69ba0f88","8d779087-cc37-47a8-9b69-991ed819f398",2023-03-24 18:03:30.004,2023-03-24 18:03:30.004
"52f164c4-feb3-4366-9452-90a6c6071011","8d779087-cc37-47a8-9b69-991ed819f398",2023-03-24 18:03:30.004,2023-03-24 18:03:30.004
"2325eddb-241c-430b-8062-ed2a77b51fa7","8d779087-cc37-47a8-9b69-991ed819f398",2023-03-24 18:03:30.004,2023-03-24 18:03:30.004
"0b674f31-48f0-46fc-ba50-5e3c8ac6b37d","8d779087-cc37-47a8-9b69-991ed819f398",2023-03-24 18:03:30.004,2023-03-24 18:03:30.004
"0923d05b-de2e-48bc-a3d7-f988fb725c98","8d779087-cc37-47a8-9b69-991ed819f398",2023-03-24 18:03:30.004,2023-03-24 18:03:30.004
"88ba9822-9a03-49ed-b89a-999a17af356a","8d779087-cc37-47a8-9b69-991ed819f398",2023-03-24 18:03:30.004,2023-03-24 18:03:30.004
"8a0a756d-dc03-4478-82e0-5cda8c196c03","8d779087-cc37-47a8-9b69-991ed819f398",2023-03-24 18:03:30.004,2023-03-24 18:03:30.004
cbe5f2c6-36cf-41ae-87b6-8bc5490fd9f3,"8d779087-cc37-47a8-9b69-991ed819f398",2023-03-24 18:03:30.004,2023-03-24 18:03:30.004
"7cd70ce9-c3e1-4a15-8e1e-7ec98df55aae","8d779087-cc37-47a8-9b69-991ed819f398",2023-03-24 18:03:30.004,2023-03-24 18:03:30.004
b3fc7177-4b1c-4262-91d3-188a26fda380,"6fe2ccaf-8911-49c3-8d1d-41bdf6f0b019",2023-03-24 18:03:30.026,2023-03-24 18:03:30.026
"84f945a8-2472-47dc-843b-b382a55b2367","6fe2ccaf-8911-49c3-8d1d-41bdf6f0b019",2023-03-24 18:03:30.026,2023-03-24 18:03:30.026
"1a588091-d7cd-4da0-a8df-cb85a356b2da","6fe2ccaf-8911-49c3-8d1d-41bdf6f0b019",2023-03-24 18:03:30.026,2023-03-24 18:03:30.026
"6338566e-a86d-44f0-9812-a3aa9f1a7ca8","6fe2ccaf-8911-49c3-8d1d-41bdf6f0b019",2023-03-24 18:03:30.026,2023-03-24 18:03:30.026
e1ee49ea-caa9-44a5-a786-8e7549f7c27d,"6fe2ccaf-8911-49c3-8d1d-41bdf6f0b019",2023-03-24 18:03:30.026,2023-03-24 18:03:30.026
fb457d42-430b-46a2-8517-a479fe3897cc,"6fe2ccaf-8911-49c3-8d1d-41bdf6f0b019",2023-03-24 18:03:30.026,2023-03-24 18:03:30.026
d88b0f7f-ba05-4c2a-a07b-57af5e477270,"6fe2ccaf-8911-49c3-8d1d-41bdf6f0b019",2023-03-24 18:03:30.026,2023-03-24 18:03:30.026
"60714175-19ce-497b-8dff-fef2e9a28dfb","6fe2ccaf-8911-49c3-8d1d-41bdf6f0b019",2023-03-24 18:03:30.026,2023-03-24 18:03:30.026
"25973f3b-de5f-4831-84a1-291dfd36ba90","6fe2ccaf-8911-49c3-8d1d-41bdf6f0b019",2023-03-24 18:03:30.026,2023-03-24 18:03:30.026
"50ff0ac4-711f-404c-b02f-1019ab6f4adb","6fe2ccaf-8911-49c3-8d1d-41bdf6f0b019",2023-03-24 18:03:30.026,2023-03-24 18:03:30.026
"17560c0d-1773-421a-ad6e-ab0c49aa7435","6fe2ccaf-8911-49c3-8d1d-41bdf6f0b019",2023-03-24 18:03:30.026,2023-03-24 18:03:30.026
"039b63a5-dbf2-45cb-ab44-bf7b5345236b","6fe2ccaf-8911-49c3-8d1d-41bdf6f0b019",2023-03-24 18:03:30.026,2023-03-24 18:03:30.026
"0a9b94f0-9183-486c-84f4-93e3eef4b840","6fe2ccaf-8911-49c3-8d1d-41bdf6f0b019",2023-03-24 18:03:30.026,2023-03-24 18:03:30.026
de3d7984-640c-4658-9f1c-e0fef9cd9d0a,"6fe2ccaf-8911-49c3-8d1d-41bdf6f0b019",2023-03-24 18:03:30.026,2023-03-24 18:03:30.026
"6ddea5be-56f8-4106-b5b5-bb2f64048a0c","6fe2ccaf-8911-49c3-8d1d-41bdf6f0b019",2023-03-24 18:03:30.026,2023-03-24 18:03:30.026
"9455b602-2103-4a4a-b7dd-313285cef30f","5a150c6e-65c0-482f-819a-3b3e0b4db770",2023-03-24 18:03:30.056,2023-03-24 18:03:30.056
e9a1cfc5-d389-4f24-b7e3-162891c519a3,"5a150c6e-65c0-482f-819a-3b3e0b4db770",2023-03-24 18:03:30.056,2023-03-24 18:03:30.056
"6920153d-22ec-4dce-9193-ad8a080f4314","5a150c6e-65c0-482f-819a-3b3e0b4db770",2023-03-24 18:03:30.056,2023-03-24 18:03:30.056
bbe54d3a-f17d-478b-ac1a-a229a3ce6e54,"5a150c6e-65c0-482f-819a-3b3e0b4db770",2023-03-24 18:03:30.056,2023-03-24 18:03:30.056
"419633d7-2d8c-4b4b-b463-8e396fd477ad","5a150c6e-65c0-482f-819a-3b3e0b4db770",2023-03-24 18:03:30.056,2023-03-24 18:03:30.056
"9d82e335-000e-4b04-8b4a-0f6e6a350c13","5a150c6e-65c0-482f-819a-3b3e0b4db770",2023-03-24 18:03:30.056,2023-03-24 18:03:30.056
"4503543b-a831-4805-aa1c-3728194b31eb","5a150c6e-65c0-482f-819a-3b3e0b4db770",2023-03-24 18:03:30.056,2023-03-24 18:03:30.056
"20f04d91-6ad0-4602-ba52-009f191afd21","5a150c6e-65c0-482f-819a-3b3e0b4db770",2023-03-24 18:03:30.056,2023-03-24 18:03:30.056
"4cb9fa57-a1e8-4434-b212-20a873060c99","5a150c6e-65c0-482f-819a-3b3e0b4db770",2023-03-24 18:03:30.056,2023-03-24 18:03:30.056
c81662f1-9283-4726-855a-8c762144f887,"5a150c6e-65c0-482f-819a-3b3e0b4db770",2023-03-24 18:03:30.056,2023-03-24 18:03:30.056
"2c0ca770-dafb-4d4e-bbbc-9525cc35938b","5a150c6e-65c0-482f-819a-3b3e0b4db770",2023-03-24 18:03:30.056,2023-03-24 18:03:30.056
c40bc7b4-865e-4586-85bf-a45a320eee98,"5a150c6e-65c0-482f-819a-3b3e0b4db770",2023-03-24 18:03:30.056,2023-03-24 18:03:30.056
"6531af28-8bac-42c1-8597-046669682d29","5a150c6e-65c0-482f-819a-3b3e0b4db770",2023-03-24 18:03:30.056,2023-03-24 18:03:30.056
"2402bedc-0e56-41eb-9369-41b722b1e472","672e0f91-1a66-4a05-a614-076179532d30",2023-03-24 18:03:30.090,2023-03-24 18:03:30.090
"77278c8b-6b42-4b30-b43e-d58275bb8b33","672e0f91-1a66-4a05-a614-076179532d30",2023-03-24 18:03:30.090,2023-03-24 18:03:30.090
"7347efe4-0cad-4c66-8049-3d0605eb4df1","672e0f91-1a66-4a05-a614-076179532d30",2023-03-24 18:03:30.090,2023-03-24 18:03:30.090
c8b571d4-9b1a-4b65-9026-68e79038afc8,"672e0f91-1a66-4a05-a614-076179532d30",2023-03-24 18:03:30.090,2023-03-24 18:03:30.090
"7932476a-42e6-4c9c-bb5e-2bce0e8d45d2","672e0f91-1a66-4a05-a614-076179532d30",2023-03-24 18:03:30.090,2023-03-24 18:03:30.090
"8b9fdd32-e298-4a25-be7b-2ad7905d97c6","43900fc2-65fb-4d28-bad7-2371c2acb3df",2023-03-24 18:03:30.107,2023-03-24 18:03:30.107
c343851a-8aea-4d71-b6c2-afc6776073c1,"43900fc2-65fb-4d28-bad7-2371c2acb3df",2023-03-24 18:03:30.107,2023-03-24 18:03:30.107
fed5024e-3bab-47a5-864d-008ffe724873,"43900fc2-65fb-4d28-bad7-2371c2acb3df",2023-03-24 18:03:30.107,2023-03-24 18:03:30.107
"4ef6f1ab-2cca-4a09-bdbe-d716183f841b","43900fc2-65fb-4d28-bad7-2371c2acb3df",2023-03-24 18:03:30.107,2023-03-24 18:03:30.107
"3ac4f67c-6050-4aca-8d4b-1955f4fbaa32","43900fc2-65fb-4d28-bad7-2371c2acb3df",2023-03-24 18:03:30.107,2023-03-24 18:03:30.107
ad277781-5a0f-4822-96c3-1d698cb907d9,"43900fc2-65fb-4d28-bad7-2371c2acb3df",2023-03-24 18:03:30.107,2023-03-24 18:03:30.107
fd504d2a-1e96-418e-ba65-3c8cc27ffca0,"43900fc2-65fb-4d28-bad7-2371c2acb3df",2023-03-24 18:03:30.107,2023-03-24 18:03:30.107
"198121c9-dbcf-4d89-81ad-d3546ba323e6","43900fc2-65fb-4d28-bad7-2371c2acb3df",2023-03-24 18:03:30.107,2023-03-24 18:03:30.107
e7589e1b-3e02-424b-8d1f-874380434c73,"43900fc2-65fb-4d28-bad7-2371c2acb3df",2023-03-24 18:03:30.107,2023-03-24 18:03:30.107
"2febfc09-e203-40c8-810c-f34c9283f09c","43900fc2-65fb-4d28-bad7-2371c2acb3df",2023-03-24 18:03:30.107,2023-03-24 18:03:30.107
"11c465ca-a956-416f-ac93-7b1c72467446","43900fc2-65fb-4d28-bad7-2371c2acb3df",2023-03-24 18:03:30.107,2023-03-24 18:03:30.107
"681c5bf4-3615-4e13-a92f-af1f56b5862b",e78431bd-ac5a-4c43-976e-a221089ba775,2023-03-24 18:03:30.155,2023-03-24 18:03:30.155
"56085ece-51a6-4349-b26a-50924de3a167",e78431bd-ac5a-4c43-976e-a221089ba775,2023-03-24 18:03:30.155,2023-03-24 18:03:30.155
"4426d1b9-075d-409f-ab66-8c017f9d3fdf",e78431bd-ac5a-4c43-976e-a221089ba775,2023-03-24 18:03:30.155,2023-03-24 18:03:30.155
"38bff362-248a-45cd-b52a-60a98b699446",e78431bd-ac5a-4c43-976e-a221089ba775,2023-03-24 18:03:30.155,2023-03-24 18:03:30.155
"7fb8c085-7b59-4d18-89c8-0bda6632e850",e78431bd-ac5a-4c43-976e-a221089ba775,2023-03-24 18:03:30.155,2023-03-24 18:03:30.155
"979e5653-3064-48cb-ae1c-2660f1cadeb6",e78431bd-ac5a-4c43-976e-a221089ba775,2023-03-24 18:03:30.155,2023-03-24 18:03:30.155
b6f72919-bf34-4d79-9f74-fe93117f415e,e78431bd-ac5a-4c43-976e-a221089ba775,2023-03-24 18:03:30.155,2023-03-24 18:03:30.155
"1d9db9ad-27eb-41fc-a597-643b23688fc5",e78431bd-ac5a-4c43-976e-a221089ba775,2023-03-24 18:03:30.155,2023-03-24 18:03:30.155
"8038f07a-d5ee-42a3-a792-04da75c05354",e78431bd-ac5a-4c43-976e-a221089ba775,2023-03-24 18:03:30.155,2023-03-24 18:03:30.155
"79169bf0-a4d2-4c8a-bf05-53162560b187",e78431bd-ac5a-4c43-976e-a221089ba775,2023-03-24 18:03:30.155,2023-03-24 18:03:30.155
e0bdc357-378d-40c1-985a-ee0dfc2680ad,"2d40ba5b-d1e4-4eef-91ea-2b42813e1f3f",2023-03-24 18:03:30.186,2023-03-24 18:03:30.186
"458844a9-c8a3-4ac5-9403-5e5df2fb1f33","2d40ba5b-d1e4-4eef-91ea-2b42813e1f3f",2023-03-24 18:03:30.186,2023-03-24 18:03:30.186
d250d231-c4ee-4665-bb41-f191aa8aae31,"1d418da6-7840-4db4-b346-d93c5b4c72ec",2023-03-24 18:03:30.193,2023-03-24 18:03:30.193
c50e14c8-e586-4cf0-97b9-2c9d48708b7d,"1d418da6-7840-4db4-b346-d93c5b4c72ec",2023-03-24 18:03:30.193,2023-03-24 18:03:30.193
"2b5b985b-1b3e-469d-bc7b-dadb2bee7049","1d418da6-7840-4db4-b346-d93c5b4c72ec",2023-03-24 18:03:30.193,2023-03-24 18:03:30.193
"68f5bfda-0d42-4445-8778-7eec46eddce9","1d418da6-7840-4db4-b346-d93c5b4c72ec",2023-03-24 18:03:30.193,2023-03-24 18:03:30.193
"018c861d-a6cb-4ff1-8254-7ff3d50167aa","1d418da6-7840-4db4-b346-d93c5b4c72ec",2023-03-24 18:03:30.193,2023-03-24 18:03:30.193
b28e0334-8ed9-46b7-9c20-70a2f5f89051,"1d418da6-7840-4db4-b346-d93c5b4c72ec",2023-03-24 18:03:30.193,2023-03-24 18:03:30.193
a1f4f786-e828-4e74-93d1-35b2061ce3f4,"1d418da6-7840-4db4-b346-d93c5b4c72ec",2023-03-24 18:03:30.193,2023-03-24 18:03:30.193
"3f9f696e-8aa8-48cf-96d5-adad5bfe47a5","1d418da6-7840-4db4-b346-d93c5b4c72ec",2023-03-24 18:03:30.193,2023-03-24 18:03:30.193
f860b432-6a20-431e-b8f5-e8fa790169ec,"1d418da6-7840-4db4-b346-d93c5b4c72ec",2023-03-24 18:03:30.193,2023-03-24 18:03:30.193
f71a3ec4-b73d-419f-94cc-7c8c6fde74d0,"740c3eeb-af9b-4e5c-aebe-15ffd9bbe698",2023-03-24 18:03:30.211,2023-03-24 18:03:30.211
"5fb74d30-277d-4c30-8649-2967c9d9dd7d","740c3eeb-af9b-4e5c-aebe-15ffd9bbe698",2023-03-24 18:03:30.211,2023-03-24 18:03:30.211
"12adabeb-cb87-426c-927d-e5cee78b5e25","740c3eeb-af9b-4e5c-aebe-15ffd9bbe698",2023-03-24 18:03:30.211,2023-03-24 18:03:30.211
"1cf28269-94a7-4b24-be60-31f5b0ccfb29","740c3eeb-af9b-4e5c-aebe-15ffd9bbe698",2023-03-24 18:03:30.211,2023-03-24 18:03:30.211
"119365d5-9412-4ed7-8521-beabdc44f032","740c3eeb-af9b-4e5c-aebe-15ffd9bbe698",2023-03-24 18:03:30.211,2023-03-24 18:03:30.211
ff3c683a-b0f8-48c6-9e2c-219606bf22aa,"740c3eeb-af9b-4e5c-aebe-15ffd9bbe698",2023-03-24 18:03:30.211,2023-03-24 18:03:30.211
"022c7e21-9076-4182-9fc2-195f2334449d","740c3eeb-af9b-4e5c-aebe-15ffd9bbe698",2023-03-24 18:03:30.211,2023-03-24 18:03:30.211
"15a2b174-51c3-4ea1-bf8b-2b6d0aa1699f","740c3eeb-af9b-4e5c-aebe-15ffd9bbe698",2023-03-24 18:03:30.211,2023-03-24 18:03:30.211
"9d878a70-2d3b-4581-a795-2ec8053126b4","740c3eeb-af9b-4e5c-aebe-15ffd9bbe698",2023-03-24 18:03:30.211,2023-03-24 18:03:30.211
"84948544-d575-4a20-af13-82d8350e091a",bb427bb5-16d6-45be-9219-af673da92879,2023-03-24 18:03:30.228,2023-03-24 18:03:30.228
"3fcd7a07-21d1-414c-8f90-3bb9cd0a27e9","33f7c393-31b0-4a60-b999-bf83a35968c7",2023-03-24 18:03:30.235,2023-03-24 18:03:30.235
cfadf577-5471-4622-99b4-6a3bd2c89126,"33f7c393-31b0-4a60-b999-bf83a35968c7",2023-03-24 18:03:30.235,2023-03-24 18:03:30.235
"3fc6c60b-0131-44bf-b361-bf61bf98f85e","33f7c393-31b0-4a60-b999-bf83a35968c7",2023-03-24 18:03:30.235,2023-03-24 18:03:30.235
bf06449b-ea43-4b11-b166-961d8d1e91b1,"33f7c393-31b0-4a60-b999-bf83a35968c7",2023-03-24 18:03:30.235,2023-03-24 18:03:30.235
"96cc8338-6ef7-4c8f-a97a-64a1c083dacf","33f7c393-31b0-4a60-b999-bf83a35968c7",2023-03-24 18:03:30.235,2023-03-24 18:03:30.235
caf9d3fa-04f3-4502-9b1d-4cb1c726d930,"33f7c393-31b0-4a60-b999-bf83a35968c7",2023-03-24 18:03:30.235,2023-03-24 18:03:30.235
"010a83cb-2a9f-4454-90a8-63100a2665ed","78b891ea-af71-46a0-9bae-484a2cac0335",2023-03-24 18:03:30.248,2023-03-24 18:03:30.248
fdcd9cde-5b94-4192-bbe5-77474aac2555,"78b891ea-af71-46a0-9bae-484a2cac0335",2023-03-24 18:03:30.248,2023-03-24 18:03:30.248
d1a0d060-d435-4fe1-b085-eed03398cfb6,"78b891ea-af71-46a0-9bae-484a2cac0335",2023-03-24 18:03:30.248,2023-03-24 18:03:30.248
"89e44c50-df88-4321-8f9a-0813c310548e",c6ebe65a-194f-4e85-bb49-e15d89705677,2023-03-24 18:03:30.258,2023-03-24 18:03:30.258
cc3ac85e-d0c0-4dab-9808-2f4ffc8ea71c,c6ebe65a-194f-4e85-bb49-e15d89705677,2023-03-24 18:03:30.258,2023-03-24 18:03:30.258
d541b60b-ff25-468e-9f88-d96d09f03c4a,c6ebe65a-194f-4e85-bb49-e15d89705677,2023-03-24 18:03:30.258,2023-03-24 18:03:30.258
f6dcb6cc-70c2-4cb3-9e14-4fe58b7dbebb,c6ebe65a-194f-4e85-bb49-e15d89705677,2023-03-24 18:03:30.258,2023-03-24 18:03:30.258
"7b8bbb0f-6f90-40e2-923c-53850735bd69",c6ebe65a-194f-4e85-bb49-e15d89705677,2023-03-24 18:03:30.258,2023-03-24 18:03:30.258
b8f0dd2a-a6b7-46b5-ac36-13cdab6f0bd7,c6ebe65a-194f-4e85-bb49-e15d89705677,2023-03-24 18:03:30.258,2023-03-24 18:03:30.258
d4e995ea-be42-47f7-8cb3-24a48a2cc731,c6ebe65a-194f-4e85-bb49-e15d89705677,2023-03-24 18:03:30.258,2023-03-24 18:03:30.258
be88b287-86b3-44ed-a923-440ca99736f3,c6ebe65a-194f-4e85-bb49-e15d89705677,2023-03-24 18:03:30.258,2023-03-24 18:03:30.258
fa9d3446-a66b-4042-928e-f8c921b3f64e,c6ebe65a-194f-4e85-bb49-e15d89705677,2023-03-24 18:03:30.258,2023-03-24 18:03:30.258
"6bba231b-9cf6-4c1c-bd7b-d5fd209e26f1",c6ebe65a-194f-4e85-bb49-e15d89705677,2023-03-24 18:03:30.258,2023-03-24 18:03:30.258
"5ff94939-a0ad-4776-8380-3d676587aa63",c6ebe65a-194f-4e85-bb49-e15d89705677,2023-03-24 18:03:30.258,2023-03-24 18:03:30.258
"49b97f08-04b2-4414-9da3-f41347b250e2","23dabc22-e363-4d28-8be9-450ea93ac194",2023-03-24 18:03:30.286,2023-03-24 18:03:30.286
a18630fa-c26a-4070-be37-273d1ea7681d,"23dabc22-e363-4d28-8be9-450ea93ac194",2023-03-24 18:03:30.286,2023-03-24 18:03:30.286
c6261a62-e48c-4b7e-9902-35a03cd77787,"34cf8453-d60e-4aac-a508-32e6fa4b0a45",2023-03-24 18:03:30.330,2023-03-24 18:03:30.330
"52becd72-ba64-4696-a97f-27220b63656d","34cf8453-d60e-4aac-a508-32e6fa4b0a45",2023-03-24 18:03:30.330,2023-03-24 18:03:30.330
cf059a1d-af30-4725-b58b-fb26cc94aba8,"34cf8453-d60e-4aac-a508-32e6fa4b0a45",2023-03-24 18:03:30.330,2023-03-24 18:03:30.330
"51d11cde-af9d-4a33-9555-66a89bb14ba9","34cf8453-d60e-4aac-a508-32e6fa4b0a45",2023-03-24 18:03:30.330,2023-03-24 18:03:30.330
a3cb7eb7-e998-4917-8147-baa03f5098f0,"34cf8453-d60e-4aac-a508-32e6fa4b0a45",2023-03-24 18:03:30.330,2023-03-24 18:03:30.330
"5aa342c7-3f63-471a-8a23-15064c48823c","34cf8453-d60e-4aac-a508-32e6fa4b0a45",2023-03-24 18:03:30.330,2023-03-24 18:03:30.330
e4f6d472-0adc-4254-bd5b-fcf88543bc9f,"0b40373e-963a-4ce7-8a7c-85b58c2eeb2b",2023-03-24 18:03:30.343,2023-03-24 18:03:30.343
"5b58a7f8-9f9a-4ea5-b0a4-62cb8977fdb3","0b40373e-963a-4ce7-8a7c-85b58c2eeb2b",2023-03-24 18:03:30.343,2023-03-24 18:03:30.343
"1d847c8d-b45c-4705-863c-70714ab97453","0b40373e-963a-4ce7-8a7c-85b58c2eeb2b",2023-03-24 18:03:30.343,2023-03-24 18:03:30.343
"687a2862-af36-4399-bc59-364a647f4430","0b40373e-963a-4ce7-8a7c-85b58c2eeb2b",2023-03-24 18:03:30.343,2023-03-24 18:03:30.343
"5a11c43f-8e18-4d41-b289-c7fb62ec7216",d0ddeff3-e631-438d-909f-ab7f9d05a7af,2023-03-24 18:03:30.356,2023-03-24 18:03:30.356
"6e5daeca-5469-41c7-98b5-56fc58e4ee74",d0ddeff3-e631-438d-909f-ab7f9d05a7af,2023-03-24 18:03:30.356,2023-03-24 18:03:30.356
d122638d-9152-4144-98b1-6d21fecca394,d0ddeff3-e631-438d-909f-ab7f9d05a7af,2023-03-24 18:03:30.356,2023-03-24 18:03:30.356
"257628a7-5126-47e7-a1f7-db236006beb1",d0ddeff3-e631-438d-909f-ab7f9d05a7af,2023-03-24 18:03:30.356,2023-03-24 18:03:30.356
"46207ac2-64e1-4100-bb3e-01451a6137bb",d0ddeff3-e631-438d-909f-ab7f9d05a7af,2023-03-24 18:03:30.356,2023-03-24 18:03:30.356
e0b983a7-976e-42b2-9fdd-d3c291c99c2d,eaf0a27d-1221-4190-9200-417dd1973833,2023-03-24 18:03:30.375,2023-03-24 18:03:30.375
d9d5dfa9-e696-4e15-babc-6e122f1cf15c,eaf0a27d-1221-4190-9200-417dd1973833,2023-03-24 18:03:30.375,2023-03-24 18:03:30.375
a30f2eca-b718-486f-a305-44d080183a3d,eaf0a27d-1221-4190-9200-417dd1973833,2023-03-24 18:03:30.375,2023-03-24 18:03:30.375
ae9390be-3415-472c-b77a-99681f452f9d,eaf0a27d-1221-4190-9200-417dd1973833,2023-03-24 18:03:30.375,2023-03-24 18:03:30.375
cdf9367e-22b0-4f29-8601-3c95a8f59703,eaf0a27d-1221-4190-9200-417dd1973833,2023-03-24 18:03:30.375,2023-03-24 18:03:30.375
"3c7ebfe5-992b-41c5-a25b-7dca2a5932f4",eaf0a27d-1221-4190-9200-417dd1973833,2023-03-24 18:03:30.375,2023-03-24 18:03:30.375
"63e23e16-b508-4b6c-bd4f-52d727cb0904","1757aea7-7e07-4a79-85d0-92a92e27571a",2023-03-24 18:03:30.388,2023-03-24 18:03:30.388
"61e8ce78-ecf0-4ae9-bc3d-5fb1ed8b0705","1757aea7-7e07-4a79-85d0-92a92e27571a",2023-03-24 18:03:30.388,2023-03-24 18:03:30.388
"78af2656-3147-4926-85c0-44c52f1741a7","1757aea7-7e07-4a79-85d0-92a92e27571a",2023-03-24 18:03:30.388,2023-03-24 18:03:30.388
b3361b72-55e0-44f4-9b5f-0c50f859ea9d,"1757aea7-7e07-4a79-85d0-92a92e27571a",2023-03-24 18:03:30.388,2023-03-24 18:03:30.388
"7db6e3a8-02bd-4995-8ae9-3e05a42e1243","1757aea7-7e07-4a79-85d0-92a92e27571a",2023-03-24 18:03:30.388,2023-03-24 18:03:30.388
"0629f94f-a54a-4bdd-989a-8e47dc034290",faaeec35-02de-4f2c-b122-d14f5098830f,2023-03-24 18:03:30.401,2023-03-24 18:03:30.401
ac59c1d7-036d-489c-93f2-90b38f0d1c7c,faaeec35-02de-4f2c-b122-d14f5098830f,2023-03-24 18:03:30.401,2023-03-24 18:03:30.401
fc8708e1-cb96-4d93-bc98-ec624ce6216c,faaeec35-02de-4f2c-b122-d14f5098830f,2023-03-24 18:03:30.401,2023-03-24 18:03:30.401
"08fe6d7e-eac2-4543-9fa7-ada2b0aecc2b",faaeec35-02de-4f2c-b122-d14f5098830f,2023-03-24 18:03:30.401,2023-03-24 18:03:30.401
"3cec35a1-26b4-4a80-b232-d519157c5cb3",faaeec35-02de-4f2c-b122-d14f5098830f,2023-03-24 18:03:30.401,2023-03-24 18:03:30.401
"256c5a6b-6853-4998-9b21-9e7374982d58",faaeec35-02de-4f2c-b122-d14f5098830f,2023-03-24 18:03:30.401,2023-03-24 18:03:30.401
"1b0a9a67-2928-4c6d-9a2e-fc32404c4672",faaeec35-02de-4f2c-b122-d14f5098830f,2023-03-24 18:03:30.401,2023-03-24 18:03:30.401
"69e9495d-fd65-4462-b8cc-b081ffff133f",faaeec35-02de-4f2c-b122-d14f5098830f,2023-03-24 18:03:30.401,2023-03-24 18:03:30.401
a9984f67-f393-4101-a157-905837b1e4a0,faaeec35-02de-4f2c-b122-d14f5098830f,2023-03-24 18:03:30.401,2023-03-24 18:03:30.401
"1dce75c3-b9d4-4ec3-a6fe-573d51ddb51e",faaeec35-02de-4f2c-b122-d14f5098830f,2023-03-24 18:03:30.401,2023-03-24 18:03:30.401
fa669bd7-ae91-4e96-bd49-a247e554cf8f,faaeec35-02de-4f2c-b122-d14f5098830f,2023-03-24 18:03:30.401,2023-03-24 18:03:30.401
"50a60b57-5f18-49e4-8630-a4ac1a8fb970",faaeec35-02de-4f2c-b122-d14f5098830f,2023-03-24 18:03:30.401,2023-03-24 18:03:30.401
dc587a1b-2e82-4c6a-b9de-c4209d9c4234,faaeec35-02de-4f2c-b122-d14f5098830f,2023-03-24 18:03:30.401,2023-03-24 18:03:30.401
"65ae9980-ab81-4b46-99e6-6ae204940ec0",faaeec35-02de-4f2c-b122-d14f5098830f,2023-03-24 18:03:30.401,2023-03-24 18:03:30.401
"858b1501-5bb9-44f8-8e7d-1dbb275cd173",faaeec35-02de-4f2c-b122-d14f5098830f,2023-03-24 18:03:30.401,2023-03-24 18:03:30.401
d0cb512a-06d0-40fd-a234-c1795e655ccd,faaeec35-02de-4f2c-b122-d14f5098830f,2023-03-24 18:03:30.401,2023-03-24 18:03:30.401
ae6ee06a-7559-4c81-9192-997d3be5d5c6,faaeec35-02de-4f2c-b122-d14f5098830f,2023-03-24 18:03:30.401,2023-03-24 18:03:30.401
"4610c169-70ab-4f52-8b26-689d07641d77",faaeec35-02de-4f2c-b122-d14f5098830f,2023-03-24 18:03:30.401,2023-03-24 18:03:30.401
"0853c814-4523-4799-8d3e-64c0a80c0d39",faaeec35-02de-4f2c-b122-d14f5098830f,2023-03-24 18:03:30.401,2023-03-24 18:03:30.401
c5ab93a9-a696-4c50-b2eb-282da1c99eda,faaeec35-02de-4f2c-b122-d14f5098830f,2023-03-24 18:03:30.401,2023-03-24 18:03:30.401
"96f4513d-6ac9-480e-b7cb-589e71b251be","6d1858e3-ac0e-4a63-a0c9-1cdfdbefc10a",2023-03-24 18:03:30.484,2023-03-24 18:03:30.484
"09c44d95-d00a-4c73-99bd-d95a6c0b6306","6d1858e3-ac0e-4a63-a0c9-1cdfdbefc10a",2023-03-24 18:03:30.484,2023-03-24 18:03:30.484
"0ba66866-9ea7-45e2-a9b7-a130d096e828","6d1858e3-ac0e-4a63-a0c9-1cdfdbefc10a",2023-03-24 18:03:30.484,2023-03-24 18:03:30.484
"72d63f72-aa7e-464d-9ab7-c5222d48ede6","6d1858e3-ac0e-4a63-a0c9-1cdfdbefc10a",2023-03-24 18:03:30.484,2023-03-24 18:03:30.484
"95a0a549-ffb6-426d-ba4e-b79f6ebbfcac","6d1858e3-ac0e-4a63-a0c9-1cdfdbefc10a",2023-03-24 18:03:30.484,2023-03-24 18:03:30.484
"632f0b0a-ac8a-4906-b4f3-b3ad9fcb6cf2","6d1858e3-ac0e-4a63-a0c9-1cdfdbefc10a",2023-03-24 18:03:30.484,2023-03-24 18:03:30.484
f9098170-5066-400f-adbc-312747fa26b7,"6d1858e3-ac0e-4a63-a0c9-1cdfdbefc10a",2023-03-24 18:03:30.484,2023-03-24 18:03:30.484
"18464ec9-eff8-4752-8397-a13e9732855e","6d1858e3-ac0e-4a63-a0c9-1cdfdbefc10a",2023-03-24 18:03:30.484,2023-03-24 18:03:30.484
"2e6e4645-f2ca-4f2d-b09b-adfdebeb1aff","6d1858e3-ac0e-4a63-a0c9-1cdfdbefc10a",2023-03-24 18:03:30.484,2023-03-24 18:03:30.484
"771381ae-8309-4c50-b54a-00222915272d","6d1858e3-ac0e-4a63-a0c9-1cdfdbefc10a",2023-03-24 18:03:30.484,2023-03-24 18:03:30.484
"2ce06bf8-316f-4e64-b6ed-4c9516a7bebe","6d1858e3-ac0e-4a63-a0c9-1cdfdbefc10a",2023-03-24 18:03:30.484,2023-03-24 18:03:30.484
"3d7cf1c2-d788-4094-8ea6-381956c23bf8","6d1858e3-ac0e-4a63-a0c9-1cdfdbefc10a",2023-03-24 18:03:30.484,2023-03-24 18:03:30.484
"7158dbb7-12cf-4a22-87c5-508b43c7e72e","6d1858e3-ac0e-4a63-a0c9-1cdfdbefc10a",2023-03-24 18:03:30.484,2023-03-24 18:03:30.484
"8cfdbaac-1883-4246-8bf0-279fc353ee6b","6d1858e3-ac0e-4a63-a0c9-1cdfdbefc10a",2023-03-24 18:03:30.484,2023-03-24 18:03:30.484
dbef1447-ea68-46d7-bdec-40b014801730,"6d1858e3-ac0e-4a63-a0c9-1cdfdbefc10a",2023-03-24 18:03:30.484,2023-03-24 18:03:30.484
fe2f86a0-8176-4582-88cb-09c149ad431d,"6d1858e3-ac0e-4a63-a0c9-1cdfdbefc10a",2023-03-24 18:03:30.484,2023-03-24 18:03:30.484
"1cb3249a-581f-493f-8ce7-c9df752b49a8","6d1858e3-ac0e-4a63-a0c9-1cdfdbefc10a",2023-03-24 18:03:30.484,2023-03-24 18:03:30.484
fdede15f-7823-4e71-b769-b074620d7c3f,"6d1858e3-ac0e-4a63-a0c9-1cdfdbefc10a",2023-03-24 18:03:30.484,2023-03-24 18:03:30.484
"6ce6904d-2cdb-4833-a59a-6105e3fbe0a8","6d1858e3-ac0e-4a63-a0c9-1cdfdbefc10a",2023-03-24 18:03:30.484,2023-03-24 18:03:30.484
"1180ae91-c59a-4bba-8664-c2327dfda327","6d1858e3-ac0e-4a63-a0c9-1cdfdbefc10a",2023-03-24 18:03:30.484,2023-03-24 18:03:30.484
"95f3d5e6-b00f-4b7e-a252-bbb62ab2b0b4","5e80a7d4-ad75-4d2f-9524-0f15436552ad",2023-03-24 18:03:30.520,2023-03-24 18:03:30.520
"68d88b17-3065-4b61-b467-a494f0c54439","5e80a7d4-ad75-4d2f-9524-0f15436552ad",2023-03-24 18:03:30.520,2023-03-24 18:03:30.520
"5eab1452-2e4c-4734-ba80-6e7e95622eaa","5e80a7d4-ad75-4d2f-9524-0f15436552ad",2023-03-24 18:03:30.520,2023-03-24 18:03:30.520
d4ab6b09-5914-4a45-a48d-47dc9bac05b1,"5e80a7d4-ad75-4d2f-9524-0f15436552ad",2023-03-24 18:03:30.520,2023-03-24 18:03:30.520
fdf2bb22-99a7-4165-b04d-6a59ff8ededc,"5e80a7d4-ad75-4d2f-9524-0f15436552ad",2023-03-24 18:03:30.520,2023-03-24 18:03:30.520
"9e2ce002-d85e-4d98-9df2-cd81d6cf8071","5e80a7d4-ad75-4d2f-9524-0f15436552ad",2023-03-24 18:03:30.520,2023-03-24 18:03:30.520
"10ae0374-6849-44d6-a5d4-62c43da7f71a","5e80a7d4-ad75-4d2f-9524-0f15436552ad",2023-03-24 18:03:30.520,2023-03-24 18:03:30.520
c333fc33-2a5f-4036-96a2-cd03a1d4466a,"5e80a7d4-ad75-4d2f-9524-0f15436552ad",2023-03-24 18:03:30.520,2023-03-24 18:03:30.520
"8e56a165-06e9-4b07-9144-450daa8c42ca","5e80a7d4-ad75-4d2f-9524-0f15436552ad",2023-03-24 18:03:30.520,2023-03-24 18:03:30.520
"42d4d81a-63ba-4c03-a7a0-4f9f861dd99a","5e80a7d4-ad75-4d2f-9524-0f15436552ad",2023-03-24 18:03:30.520,2023-03-24 18:03:30.520
fefeb973-77cf-4423-882f-cd3fbdc2e924,"5e80a7d4-ad75-4d2f-9524-0f15436552ad",2023-03-24 18:03:30.520,2023-03-24 18:03:30.520
"4935dab0-204d-46a2-ba8a-cb3226044dcf","5e80a7d4-ad75-4d2f-9524-0f15436552ad",2023-03-24 18:03:30.520,2023-03-24 18:03:30.520
a1e22a68-a26d-4ad3-9fde-113198ab2058,"5e80a7d4-ad75-4d2f-9524-0f15436552ad",2023-03-24 18:03:30.520,2023-03-24 18:03:30.520
"3d2f7fab-b79e-410a-922b-5380ae9b916b","5e80a7d4-ad75-4d2f-9524-0f15436552ad",2023-03-24 18:03:30.520,2023-03-24 18:03:30.520
fc01eef1-27a2-4e3d-885e-090f87470666,"062e8bb1-0bff-4063-a666-da5a3a50a668",2023-03-24 18:03:30.592,2023-03-24 18:03:30.592
"55195276-f1d8-4d84-aee4-f9f57e035c80","062e8bb1-0bff-4063-a666-da5a3a50a668",2023-03-24 18:03:30.592,2023-03-24 18:03:30.592
"3d628af5-6536-49d6-9b33-73d544b8248c","062e8bb1-0bff-4063-a666-da5a3a50a668",2023-03-24 18:03:30.592,2023-03-24 18:03:30.592
"756a93b6-da40-4616-adca-66f7580764a1","062e8bb1-0bff-4063-a666-da5a3a50a668",2023-03-24 18:03:30.592,2023-03-24 18:03:30.592
b947b10e-43dd-447d-987c-13c55d53f940,"062e8bb1-0bff-4063-a666-da5a3a50a668",2023-03-24 18:03:30.592,2023-03-24 18:03:30.592
"2c1ccd5e-6838-457b-b1cd-eb12227e18dc","062e8bb1-0bff-4063-a666-da5a3a50a668",2023-03-24 18:03:30.592,2023-03-24 18:03:30.592
"4d28cb46-2352-4fec-95f4-09e6ec5f53aa","062e8bb1-0bff-4063-a666-da5a3a50a668",2023-03-24 18:03:30.592,2023-03-24 18:03:30.592
"3c0a1b40-0a86-4278-867a-3c5b275e7b7c","062e8bb1-0bff-4063-a666-da5a3a50a668",2023-03-24 18:03:30.592,2023-03-24 18:03:30.592
"1a178c5f-57c0-4674-ad7e-1561543162bd","062e8bb1-0bff-4063-a666-da5a3a50a668",2023-03-24 18:03:30.592,2023-03-24 18:03:30.592
bf5eaaf3-c467-407d-9013-e8df66fa9b77,"062e8bb1-0bff-4063-a666-da5a3a50a668",2023-03-24 18:03:30.592,2023-03-24 18:03:30.592
fd71459d-f6f7-4531-ac67-034e8564bd74,"062e8bb1-0bff-4063-a666-da5a3a50a668",2023-03-24 18:03:30.592,2023-03-24 18:03:30.592
"486c030c-9ffc-4b87-89b1-70495bf1db01","062e8bb1-0bff-4063-a666-da5a3a50a668",2023-03-24 18:03:30.592,2023-03-24 18:03:30.592
"744b4f23-6db5-4392-a742-e38c8e2b8854","062e8bb1-0bff-4063-a666-da5a3a50a668",2023-03-24 18:03:30.592,2023-03-24 18:03:30.592
ea08291c-4e80-4b39-9807-05543be44bff,"062e8bb1-0bff-4063-a666-da5a3a50a668",2023-03-24 18:03:30.592,2023-03-24 18:03:30.592
bde1d9b9-6a6b-423c-a13f-880eeefb0127,"062e8bb1-0bff-4063-a666-da5a3a50a668",2023-03-24 18:03:30.592,2023-03-24 18:03:30.592
"31177dcd-9485-43e7-a950-09050bdcf155","062e8bb1-0bff-4063-a666-da5a3a50a668",2023-03-24 18:03:30.592,2023-03-24 18:03:30.592
"64ac0d8f-9049-4e51-a4d5-b320c1d9e15e","062e8bb1-0bff-4063-a666-da5a3a50a668",2023-03-24 18:03:30.592,2023-03-24 18:03:30.592
"37e96c24-d127-4f14-9935-d1d8b330dd13","062e8bb1-0bff-4063-a666-da5a3a50a668",2023-03-24 18:03:30.592,2023-03-24 18:03:30.592
"4a44f42d-6894-4ce6-8924-c32e5c760445","062e8bb1-0bff-4063-a666-da5a3a50a668",2023-03-24 18:03:30.592,2023-03-24 18:03:30.592
"091e513e-cd1e-4d1a-994a-2cf5bedda1f9","062e8bb1-0bff-4063-a666-da5a3a50a668",2023-03-24 18:03:30.592,2023-03-24 18:03:30.592
b243f6aa-1f19-44c1-9b8e-5e10a3971a34,faba33e6-b41d-4fdf-a6c6-93b77f86bc5b,2023-03-24 18:03:30.627,2023-03-24 18:03:30.627
"2928ef71-db2f-4abe-a346-f3b9f421f2e2",faba33e6-b41d-4fdf-a6c6-93b77f86bc5b,2023-03-24 18:03:30.627,2023-03-24 18:03:30.627
ce120375-980c-4eba-aad7-41a114a54053,faba33e6-b41d-4fdf-a6c6-93b77f86bc5b,2023-03-24 18:03:30.627,2023-03-24 18:03:30.627
"68db6a2a-5677-4a07-a7f8-671aae47ca95",faba33e6-b41d-4fdf-a6c6-93b77f86bc5b,2023-03-24 18:03:30.627,2023-03-24 18:03:30.627
b2fd9f2b-56fe-4ec1-a377-f033d189b14a,faba33e6-b41d-4fdf-a6c6-93b77f86bc5b,2023-03-24 18:03:30.627,2023-03-24 18:03:30.627
"52f86fc4-c115-4244-8490-876df30b350d","61147bd9-7701-41da-bfc1-cf66b91ee029",2023-03-24 18:03:30.639,2023-03-24 18:03:30.639
ef3efb74-62ed-4f66-975c-205610768b10,"61147bd9-7701-41da-bfc1-cf66b91ee029",2023-03-24 18:03:30.639,2023-03-24 18:03:30.639
eb800019-d181-479a-9a92-5fa02fddd480,"61147bd9-7701-41da-bfc1-cf66b91ee029",2023-03-24 18:03:30.639,2023-03-24 18:03:30.639
a5b9eb88-8faf-430f-8dca-16c8d3413601,"61147bd9-7701-41da-bfc1-cf66b91ee029",2023-03-24 18:03:30.639,2023-03-24 18:03:30.639
"3f4a9752-e416-4d7a-b183-45d7308830ce","61147bd9-7701-41da-bfc1-cf66b91ee029",2023-03-24 18:03:30.639,2023-03-24 18:03:30.639
d23ca3f5-c47b-4fff-9781-ca8737857a20,"172802c0-27ac-4224-a3a1-d02693572025",2023-03-24 18:03:30.651,2023-03-24 18:03:30.651
e71d9b25-b8f9-496d-92f2-9b896c018f6f,"82191f49-87b3-4a56-896f-869a3e6ad49e",2023-03-24 18:03:30.659,2023-03-24 18:03:30.659
"3b88de31-bd4f-4707-b252-7cd1b2697539","82191f49-87b3-4a56-896f-869a3e6ad49e",2023-03-24 18:03:30.659,2023-03-24 18:03:30.659
c4d483cf-88e9-47c0-98ba-800b3bb52a2e,"82191f49-87b3-4a56-896f-869a3e6ad49e",2023-03-24 18:03:30.659,2023-03-24 18:03:30.659
"657cafe9-435b-42f6-b691-6fd92436df69","92b6b061-18f3-4b2a-abc0-916aee1e6e7b",2023-03-24 18:03:30.668,2023-03-24 18:03:30.668
"66b92687-6e1e-474d-9b08-66455fbaa1b9",b185bd11-bce0-4bfb-a4f2-5f6852e24b59,2023-03-24 18:03:30.686,2023-03-24 18:03:30.686
"5b307dde-597d-43d9-8e5d-25bddda4bfdb",b185bd11-bce0-4bfb-a4f2-5f6852e24b59,2023-03-24 18:03:30.686,2023-03-24 18:03:30.686
"0f9c2a47-512c-4cf0-896b-ea3ef3b4f42a",e70e48bb-a391-4f47-a82e-fe829d1b98f5,2023-03-24 18:03:30.693,2023-03-24 18:03:30.693
eca4c491-4880-435d-b229-1cd916d0e1d2,e70e48bb-a391-4f47-a82e-fe829d1b98f5,2023-03-24 18:03:30.693,2023-03-24 18:03:30.693
"480cf7e1-3bb6-45ce-ab7d-fa67b5644412",e70e48bb-a391-4f47-a82e-fe829d1b98f5,2023-03-24 18:03:30.693,2023-03-24 18:03:30.693
"89fe3bb9-bd7f-4652-98d9-81a60fdd4131","332d4983-ffae-4dac-876e-4d86743c1b25",2023-03-24 18:03:30.702,2023-03-24 18:03:30.702
c046a891-6393-4946-b8c5-c95658b28c33,"332d4983-ffae-4dac-876e-4d86743c1b25",2023-03-24 18:03:30.702,2023-03-24 18:03:30.702
"24512dc5-b061-48cf-b8cb-883c7d659731","332d4983-ffae-4dac-876e-4d86743c1b25",2023-03-24 18:03:30.702,2023-03-24 18:03:30.702
"1db2ebf4-6d34-4258-97cd-ccc8e1de39c6","5883cbba-b8ac-4fb7-96e6-aa318ee73d90",2023-03-24 18:03:30.710,2023-03-24 18:03:30.710
cc669e6f-d92a-4e0b-997f-0371ad8c30a4,"6e836e15-3511-4b5a-ac9d-ee26412f381f",2023-03-24 18:03:30.716,2023-03-24 18:03:30.716
"42e8d08c-5e50-4e6f-bdb6-0c695239cd3c","6e836e15-3511-4b5a-ac9d-ee26412f381f",2023-03-24 18:03:30.716,2023-03-24 18:03:30.716
"3d2f7c9e-8658-40e9-8a5c-d2cedd078c77","6e836e15-3511-4b5a-ac9d-ee26412f381f",2023-03-24 18:03:30.716,2023-03-24 18:03:30.716
b5959da4-b8e2-4576-be99-dcab1fbd2700,"6e836e15-3511-4b5a-ac9d-ee26412f381f",2023-03-24 18:03:30.716,2023-03-24 18:03:30.716
"8fe5827f-3c92-4d59-84af-2c471cde042d","397b540f-02b4-4973-abd4-b15c26dabbe4",2023-03-24 18:03:30.726,2023-03-24 18:03:30.726
"1996b239-87db-45fb-a18d-5d4754a68788","397b540f-02b4-4973-abd4-b15c26dabbe4",2023-03-24 18:03:30.726,2023-03-24 18:03:30.726
"334b1ac8-06c0-4061-aed7-441978d040fb",d8f63525-be32-4d33-a289-0d74454b8446,2023-03-24 18:03:30.773,2023-03-24 18:03:30.773
e09c8072-6950-4225-ab5c-c4546e8ac084,d8f63525-be32-4d33-a289-0d74454b8446,2023-03-24 18:03:30.773,2023-03-24 18:03:30.773
f01957ec-5b41-4dd1-a25e-73d82a4b983c,d8f63525-be32-4d33-a289-0d74454b8446,2023-03-24 18:03:30.773,2023-03-24 18:03:30.773
"031e12ee-d357-4274-8772-f76857c55f99",d8f63525-be32-4d33-a289-0d74454b8446,2023-03-24 18:03:30.773,2023-03-24 18:03:30.773
"04d6341b-119f-457d-8135-def24bcf56be",d8f63525-be32-4d33-a289-0d74454b8446,2023-03-24 18:03:30.773,2023-03-24 18:03:30.773
d6a04b48-12ca-4dc7-9c06-42f0ff9b89a0,"1eb2ebff-46df-4318-8576-68bca368fb7a",2023-03-24 18:03:30.792,2023-03-24 18:03:30.792
"55f98b74-57db-4af1-9955-0aadd7fb817e","1eb2ebff-46df-4318-8576-68bca368fb7a",2023-03-24 18:03:30.792,2023-03-24 18:03:30.792
"22a5cf84-96bb-41e1-8f60-3c05f2f8c357","1eb2ebff-46df-4318-8576-68bca368fb7a",2023-03-24 18:03:30.792,2023-03-24 18:03:30.792
c59f0e8a-75d6-4d3b-9545-95666ff9234c,"1eb2ebff-46df-4318-8576-68bca368fb7a",2023-03-24 18:03:30.792,2023-03-24 18:03:30.792
d943c4c2-1582-4884-9be3-03a97ba09412,"1eb2ebff-46df-4318-8576-68bca368fb7a",2023-03-24 18:03:30.792,2023-03-24 18:03:30.792
"6b1b5da5-08f5-4bb8-8208-b9ecc8339333","1eb2ebff-46df-4318-8576-68bca368fb7a",2023-03-24 18:03:30.792,2023-03-24 18:03:30.792
"44122e6b-97d6-46d9-b327-235706bb41ea","1eb2ebff-46df-4318-8576-68bca368fb7a",2023-03-24 18:03:30.792,2023-03-24 18:03:30.792
a89f0336-a5cb-425b-8060-7107955d2913,"1eb2ebff-46df-4318-8576-68bca368fb7a",2023-03-24 18:03:30.792,2023-03-24 18:03:30.792
"6e321cf3-d54f-4adf-be85-a51cc87cde41","1eb2ebff-46df-4318-8576-68bca368fb7a",2023-03-24 18:03:30.792,2023-03-24 18:03:30.792
"2e5e3146-20b0-4cc1-8a03-4636ea2b05da","1eb2ebff-46df-4318-8576-68bca368fb7a",2023-03-24 18:03:30.792,2023-03-24 18:03:30.792
"286add80-ab83-41de-a0fe-7426013a1ebc","5c824c54-b625-41ba-800b-569a324d9330",2023-03-24 18:03:30.810,2023-03-24 18:03:30.810
f9215910-7688-4dbf-8c3c-cade5e2fea85,"5c824c54-b625-41ba-800b-569a324d9330",2023-03-24 18:03:30.810,2023-03-24 18:03:30.810
b86ec8d0-ada8-4a27-a26e-96e43d11c1cb,"5c824c54-b625-41ba-800b-569a324d9330",2023-03-24 18:03:30.810,2023-03-24 18:03:30.810
"0c6b2ec6-77de-4f31-b5eb-06b54638ef71","5c824c54-b625-41ba-800b-569a324d9330",2023-03-24 18:03:30.810,2023-03-24 18:03:30.810
ed7402e5-2c02-4ee9-954c-607d4361cbba,"5c824c54-b625-41ba-800b-569a324d9330",2023-03-24 18:03:30.810,2023-03-24 18:03:30.810
a9be8c2f-2bad-425d-a1ea-7f6a929537a7,"9276e06e-d1e1-4dac-a365-020cf2ee2ad4",2023-03-24 18:03:30.821,2023-03-24 18:03:30.821
cbc632cd-7baf-4e8a-9af3-a151a8de117e,"9276e06e-d1e1-4dac-a365-020cf2ee2ad4",2023-03-24 18:03:30.821,2023-03-24 18:03:30.821
fff4872d-eb52-47aa-a137-5c6d221ddcbe,"9276e06e-d1e1-4dac-a365-020cf2ee2ad4",2023-03-24 18:03:30.821,2023-03-24 18:03:30.821
dcd7200f-8e0f-4e10-9555-244a9279b981,"9276e06e-d1e1-4dac-a365-020cf2ee2ad4",2023-03-24 18:03:30.821,2023-03-24 18:03:30.821
"54424168-1bf3-4b08-b0e4-7871cc3656dd","9276e06e-d1e1-4dac-a365-020cf2ee2ad4",2023-03-24 18:03:30.821,2023-03-24 18:03:30.821
c4c7c8b2-4844-49fe-bd93-944f66127f88,"04ec782f-1d50-44a9-a943-c94310cfd30f",2023-03-24 18:03:30.833,2023-03-24 18:03:30.833
"488ccf99-9cd4-41d8-8b4b-6e114bdc300c","04ec782f-1d50-44a9-a943-c94310cfd30f",2023-03-24 18:03:30.833,2023-03-24 18:03:30.833
e930b1b8-e2ed-4191-9dde-ffcf4839d63a,"04ec782f-1d50-44a9-a943-c94310cfd30f",2023-03-24 18:03:30.833,2023-03-24 18:03:30.833
"01bffbde-667e-40fe-84bc-e45f74975ba4","04ec782f-1d50-44a9-a943-c94310cfd30f",2023-03-24 18:03:30.833,2023-03-24 18:03:30.833
"7f3a7b8a-6d5f-4678-941d-9cd2566e4f31","04ec782f-1d50-44a9-a943-c94310cfd30f",2023-03-24 18:03:30.833,2023-03-24 18:03:30.833
"1f12bcf8-a24b-4e09-8c2f-43fe928fc98a",f6004e34-e1ee-4f64-b869-ffcee06d3cdc,2023-03-24 18:03:30.845,2023-03-24 18:03:30.845
"5bd8a380-954b-4535-b7ef-1123f4645fad",f6004e34-e1ee-4f64-b869-ffcee06d3cdc,2023-03-24 18:03:30.845,2023-03-24 18:03:30.845
d9837034-f12e-482d-8279-d87f9ffd3e45,f6004e34-e1ee-4f64-b869-ffcee06d3cdc,2023-03-24 18:03:30.845,2023-03-24 18:03:30.845
"6da18447-eee2-4b30-9641-56aafbacee7a",f6004e34-e1ee-4f64-b869-ffcee06d3cdc,2023-03-24 18:03:30.845,2023-03-24 18:03:30.845
c61f49e1-bb7f-4b2c-a13d-64ec32e2fc5a,f6004e34-e1ee-4f64-b869-ffcee06d3cdc,2023-03-24 18:03:30.845,2023-03-24 18:03:30.845
"1854e946-9e1c-4063-a875-f40c1c7edaff",f6004e34-e1ee-4f64-b869-ffcee06d3cdc,2023-03-24 18:03:30.845,2023-03-24 18:03:30.845
"056da0f2-6efe-43f0-9630-6981dad99bae",f6004e34-e1ee-4f64-b869-ffcee06d3cdc,2023-03-24 18:03:30.845,2023-03-24 18:03:30.845
cae3add6-6b84-428f-83e9-e58287b7de60,f6004e34-e1ee-4f64-b869-ffcee06d3cdc,2023-03-24 18:03:30.845,2023-03-24 18:03:30.845
e1173266-1da6-46f0-93d5-9e9a542e37fe,f6004e34-e1ee-4f64-b869-ffcee06d3cdc,2023-03-24 18:03:30.845,2023-03-24 18:03:30.845
"8e75b885-6685-43a8-96ba-09a6c09d28dd",f6004e34-e1ee-4f64-b869-ffcee06d3cdc,2023-03-24 18:03:30.845,2023-03-24 18:03:30.845
"451389e7-2318-49c4-9bb3-eaf3b18a16fb",f6004e34-e1ee-4f64-b869-ffcee06d3cdc,2023-03-24 18:03:30.845,2023-03-24 18:03:30.845
f1239149-9116-4cec-83a0-de4c9c78f91b,f6004e34-e1ee-4f64-b869-ffcee06d3cdc,2023-03-24 18:03:30.845,2023-03-24 18:03:30.845
dbcc6e74-4a31-4a1a-9a98-bd14944017ee,f6004e34-e1ee-4f64-b869-ffcee06d3cdc,2023-03-24 18:03:30.845,2023-03-24 18:03:30.845
"25ec1d53-84b3-4d7b-9a1f-c0d42763d1dd",f6004e34-e1ee-4f64-b869-ffcee06d3cdc,2023-03-24 18:03:30.845,2023-03-24 18:03:30.845
"41caec6f-9dea-40fa-a39a-89d9035b494b",b0a379b6-be02-461d-bc10-337027334944,2023-03-24 18:03:30.906,2023-03-24 18:03:30.906
"589560ee-f6dc-45ce-bf2c-f0d1c64fd3cf",b0a379b6-be02-461d-bc10-337027334944,2023-03-24 18:03:30.906,2023-03-24 18:03:30.906
"9c781aee-20e3-470a-a7c7-727b740d81a1",b0a379b6-be02-461d-bc10-337027334944,2023-03-24 18:03:30.906,2023-03-24 18:03:30.906
"173ab249-fea8-4b25-979e-6e8fdbf28762",b0a379b6-be02-461d-bc10-337027334944,2023-03-24 18:03:30.906,2023-03-24 18:03:30.906
c36d9f94-9228-4a02-a541-3105e5c44141,b0a379b6-be02-461d-bc10-337027334944,2023-03-24 18:03:30.906,2023-03-24 18:03:30.906
f5581d04-2dd3-41b1-a7a5-764d3f813faa,b0a379b6-be02-461d-bc10-337027334944,2023-03-24 18:03:30.906,2023-03-24 18:03:30.906
"7d29c84a-93c9-4efa-8d04-033243462871",b0a379b6-be02-461d-bc10-337027334944,2023-03-24 18:03:30.906,2023-03-24 18:03:30.906
"6565782d-6180-40a6-84dd-30060ac273a9",b0a379b6-be02-461d-bc10-337027334944,2023-03-24 18:03:30.906,2023-03-24 18:03:30.906
"67c85313-a457-4c07-90c2-21eb80a74189",b0a379b6-be02-461d-bc10-337027334944,2023-03-24 18:03:30.906,2023-03-24 18:03:30.906
aa803bac-cb3b-470d-b59b-d3f4cdb5ac91,b0a379b6-be02-461d-bc10-337027334944,2023-03-24 18:03:30.906,2023-03-24 18:03:30.906
"053f8ecc-ffd6-4acc-9d2f-e73c97714a79",b0a379b6-be02-461d-bc10-337027334944,2023-03-24 18:03:30.906,2023-03-24 18:03:30.906
"3dcd439a-8910-4328-86f4-9ad444f02c2d","4b25c4c6-f9fa-479e-b60a-0676ab3daf31",2023-03-24 18:03:30.936,2023-03-24 18:03:30.936
ea0e67d2-9e2d-4503-b2b6-b070efe70896,"4b25c4c6-f9fa-479e-b60a-0676ab3daf31",2023-03-24 18:03:30.936,2023-03-24 18:03:30.936
"6464584c-ecb6-44b5-98b4-a2cb8bf10575","4b25c4c6-f9fa-479e-b60a-0676ab3daf31",2023-03-24 18:03:30.936,2023-03-24 18:03:30.936
e0bf3d47-51c5-45c2-925c-16ffcf45b62f,"4b25c4c6-f9fa-479e-b60a-0676ab3daf31",2023-03-24 18:03:30.936,2023-03-24 18:03:30.936
"1f4f47af-fe22-49f9-b466-675fc93b2ebc","4b25c4c6-f9fa-479e-b60a-0676ab3daf31",2023-03-24 18:03:30.936,2023-03-24 18:03:30.936
"814bc42d-7653-4973-84b6-84ae2c1e980a","4b25c4c6-f9fa-479e-b60a-0676ab3daf31",2023-03-24 18:03:30.936,2023-03-24 18:03:30.936
"0cb963cb-30fc-4ced-8dc4-216cb049f5f8","4b25c4c6-f9fa-479e-b60a-0676ab3daf31",2023-03-24 18:03:30.936,2023-03-24 18:03:30.936
"4b2ac13f-f055-43ea-b7d0-fb870611a639","4b25c4c6-f9fa-479e-b60a-0676ab3daf31",2023-03-24 18:03:30.936,2023-03-24 18:03:30.936
"6ca075de-80f1-4ac1-806e-01b4449803e2","0ee55124-e1b4-47c2-9768-a09a76aaa822",2023-03-24 18:03:30.953,2023-03-24 18:03:30.953
bb44280a-2ef7-4ab9-a446-3ab7ee0bf269,"0ee55124-e1b4-47c2-9768-a09a76aaa822",2023-03-24 18:03:30.953,2023-03-24 18:03:30.953
"2b2849a2-b423-4dcd-a04b-4fb0fffe5d6e","0ee55124-e1b4-47c2-9768-a09a76aaa822",2023-03-24 18:03:30.953,2023-03-24 18:03:30.953
"57408acd-a711-4bf8-a9ae-965cd06ec747","0ee55124-e1b4-47c2-9768-a09a76aaa822",2023-03-24 18:03:30.953,2023-03-24 18:03:30.953
"41cceb5f-e03c-421d-8d72-a9aac029a802","0ee55124-e1b4-47c2-9768-a09a76aaa822",2023-03-24 18:03:30.953,2023-03-24 18:03:30.953
"82cbbf8d-7a26-4236-b3eb-d67e583561a2","0ee55124-e1b4-47c2-9768-a09a76aaa822",2023-03-24 18:03:30.953,2023-03-24 18:03:30.953
eea43d5a-2a66-4842-b319-a65360470bff,"0ee55124-e1b4-47c2-9768-a09a76aaa822",2023-03-24 18:03:30.953,2023-03-24 18:03:30.953
e7531112-2e2e-444b-b093-67a392eb4f02,"0ee55124-e1b4-47c2-9768-a09a76aaa822",2023-03-24 18:03:30.953,2023-03-24 18:03:30.953
c823855e-3631-47ab-8768-ded094da0949,"0ee55124-e1b4-47c2-9768-a09a76aaa822",2023-03-24 18:03:30.953,2023-03-24 18:03:30.953
dab38fef-adb5-458f-99a9-cf0d6bfefffc,"0ee55124-e1b4-47c2-9768-a09a76aaa822",2023-03-24 18:03:30.953,2023-03-24 18:03:30.953
"4390388d-b67f-442c-be54-584a8fbcf6d3",c44dd0bb-adf0-4387-9331-3aec474f124b,2023-03-24 18:03:30.974,2023-03-24 18:03:30.974
"202a4c8a-cbad-455a-a1e1-062120cfd868",c44dd0bb-adf0-4387-9331-3aec474f124b,2023-03-24 18:03:30.974,2023-03-24 18:03:30.974
"8b88536c-d4c8-4bdb-a91b-435bb25d2ae4",c44dd0bb-adf0-4387-9331-3aec474f124b,2023-03-24 18:03:30.974,2023-03-24 18:03:30.974
"02e5c679-5251-4ca8-9ed2-ab94dea4d0eb",c44dd0bb-adf0-4387-9331-3aec474f124b,2023-03-24 18:03:30.974,2023-03-24 18:03:30.974
"35cb2be8-18f5-4bb2-8061-da96587ec68f",c44dd0bb-adf0-4387-9331-3aec474f124b,2023-03-24 18:03:30.974,2023-03-24 18:03:30.974
"34fbf08e-914d-48e0-82f7-98eeaed64da0",c44dd0bb-adf0-4387-9331-3aec474f124b,2023-03-24 18:03:30.974,2023-03-24 18:03:30.974
e6f3a4a8-7c57-48d2-8e0a-50c110eb1df5,c44dd0bb-adf0-4387-9331-3aec474f124b,2023-03-24 18:03:30.974,2023-03-24 18:03:30.974
"8de29dc9-10ab-41e0-8db0-3ff12d9d092d",c44dd0bb-adf0-4387-9331-3aec474f124b,2023-03-24 18:03:30.974,2023-03-24 18:03:30.974
"1bebafd0-d965-424b-91d9-e17bae1ecb3a",c44dd0bb-adf0-4387-9331-3aec474f124b,2023-03-24 18:03:30.974,2023-03-24 18:03:30.974
"2a560e0c-0f70-4383-8504-4a22daea2c21","0d33f7e9-a80a-4927-a7f0-c6be670b2f74",2023-03-24 18:03:30.998,2023-03-24 18:03:30.998
"66ecf0bf-9b0c-4ef2-9ffb-5718f590227e","0d33f7e9-a80a-4927-a7f0-c6be670b2f74",2023-03-24 18:03:30.998,2023-03-24 18:03:30.998
d4a61ae3-f1f0-475c-9164-9f952182d668,"4dde4b4e-7079-4603-a1db-e43bdf59d12b",2023-03-24 18:03:31.006,2023-03-24 18:03:31.006
"7272344d-8c29-4e75-b8c2-06aa49616c34","4dde4b4e-7079-4603-a1db-e43bdf59d12b",2023-03-24 18:03:31.006,2023-03-24 18:03:31.006
"50de5863-fc0c-428b-a655-3013d88c2ee1","4dde4b4e-7079-4603-a1db-e43bdf59d12b",2023-03-24 18:03:31.006,2023-03-24 18:03:31.006
dfad7db5-b536-406f-8703-228de9af7c4e,"6d6a3915-4f87-49c0-9050-80351256976d",2023-03-24 18:03:31.014,2023-03-24 18:03:31.014
"19c8102e-bebb-4906-a52a-b59396e20b59","6d6a3915-4f87-49c0-9050-80351256976d",2023-03-24 18:03:31.014,2023-03-24 18:03:31.014
"5f88d0b7-1f0a-4d69-9476-a4c542b662ac","6d6a3915-4f87-49c0-9050-80351256976d",2023-03-24 18:03:31.014,2023-03-24 18:03:31.014
"0d872253-c867-44da-94df-cf8e2227251f","6d6a3915-4f87-49c0-9050-80351256976d",2023-03-24 18:03:31.014,2023-03-24 18:03:31.014
"66223b60-6b94-4a9c-a2a6-5e4393077bd1","6398d8fd-e173-4751-ab95-7e03ba3ee868",2023-03-24 18:03:31.023,2023-03-24 18:03:31.023
f4a42ba0-f773-4660-81f4-8916abcfa458,"6398d8fd-e173-4751-ab95-7e03ba3ee868",2023-03-24 18:03:31.023,2023-03-24 18:03:31.023
"728625ec-9147-4e47-89bf-b62cd2f26b90","243ebac3-bd83-4a4a-b9ee-41b90e550d37",2023-03-24 18:03:31.031,2023-03-24 18:03:31.031
"22dc5726-990b-451e-b68e-c0f19be12809","243ebac3-bd83-4a4a-b9ee-41b90e550d37",2023-03-24 18:03:31.031,2023-03-24 18:03:31.031
ae536ce2-2ad7-4df6-a08a-abbd8d8bec05,"243ebac3-bd83-4a4a-b9ee-41b90e550d37",2023-03-24 18:03:31.031,2023-03-24 18:03:31.031
"02d93520-8193-4303-8af2-c8a18f8e8364","243ebac3-bd83-4a4a-b9ee-41b90e550d37",2023-03-24 18:03:31.031,2023-03-24 18:03:31.031
ecf72a23-382f-46e5-8969-730da7580ff6,f69b17dd-545d-436c-a1eb-6355fdaf3ffb,2023-03-24 18:03:31.041,2023-03-24 18:03:31.041
"0db30e16-aa17-4495-8ab6-42a0442dedd5","9c9b35a8-982d-47cd-89df-9f34e687e4fc",2023-03-24 18:03:31.047,2023-03-24 18:03:31.047
"41cf7a1c-3265-4e2d-a0e4-b71f18c5af0d","86628d1e-cff0-4a7a-8e36-d19b47358e92",2023-03-24 18:03:31.053,2023-03-24 18:03:31.053
fe128081-72cc-4434-8fcf-a9e2d967d241,"86628d1e-cff0-4a7a-8e36-d19b47358e92",2023-03-24 18:03:31.053,2023-03-24 18:03:31.053
"293263d4-cd0d-4f7f-98b9-781332235141","86628d1e-cff0-4a7a-8e36-d19b47358e92",2023-03-24 18:03:31.053,2023-03-24 18:03:31.053
"93c6c23b-0cd6-473d-ae96-4fa17de8b685","0d2b7b89-bf26-4f39-84d3-ee91f18bac2e",2023-03-24 18:03:31.106,2023-03-24 18:03:31.106
"0755594e-0bd4-43c2-9522-2ce5fa7cf3e9","0d2b7b89-bf26-4f39-84d3-ee91f18bac2e",2023-03-24 18:03:31.106,2023-03-24 18:03:31.106
"45101d38-fa5e-4967-a971-262abe0cf56a","0d2b7b89-bf26-4f39-84d3-ee91f18bac2e",2023-03-24 18:03:31.106,2023-03-24 18:03:31.106
"1f552a42-82ef-43db-9c42-e5fae8ecda12","0d2b7b89-bf26-4f39-84d3-ee91f18bac2e",2023-03-24 18:03:31.106,2023-03-24 18:03:31.106
e6bd2bd5-a50c-476a-bf3c-7c0deeb0c188,"0d2b7b89-bf26-4f39-84d3-ee91f18bac2e",2023-03-24 18:03:31.106,2023-03-24 18:03:31.106
"98de7a1b-e091-42e2-9d98-4111597aa656","5df3ee26-a777-4716-b201-e93ccd7fa64a",2023-03-24 18:03:31.117,2023-03-24 18:03:31.117
"17a534f1-83b9-4823-b0c6-10f412633954","5df3ee26-a777-4716-b201-e93ccd7fa64a",2023-03-24 18:03:31.117,2023-03-24 18:03:31.117
"583c8de1-1a6b-401d-a930-c813b6f71c7a","8a2f711b-8654-44aa-b9e8-527b1e2fe9b5",2023-03-24 18:03:31.124,2023-03-24 18:03:31.124
bb8700a2-8739-4ab8-8d4a-ea1ae3b1c4ec,"8a2f711b-8654-44aa-b9e8-527b1e2fe9b5",2023-03-24 18:03:31.124,2023-03-24 18:03:31.124
"031d0e70-b665-4738-b91c-d8e1eb46ba7c","8a2f711b-8654-44aa-b9e8-527b1e2fe9b5",2023-03-24 18:03:31.124,2023-03-24 18:03:31.124
"5a5d2747-efcd-4ce4-b657-28dab1908d4b","8a2f711b-8654-44aa-b9e8-527b1e2fe9b5",2023-03-24 18:03:31.124,2023-03-24 18:03:31.124
"8614e485-bb85-4ab3-9b7c-5ed784bdb04a",c8717ce0-0a07-4f3c-a379-9ca44fccfb39,2023-03-24 18:03:31.133,2023-03-24 18:03:31.133
"18c0121c-ace6-4f84-891f-a5b03d90d01a",c8717ce0-0a07-4f3c-a379-9ca44fccfb39,2023-03-24 18:03:31.133,2023-03-24 18:03:31.133
"54b541cd-e56e-4ebe-932f-f6e9c8d4855d",c8717ce0-0a07-4f3c-a379-9ca44fccfb39,2023-03-24 18:03:31.133,2023-03-24 18:03:31.133
"4376f618-611f-4992-9d42-78846302d475",c8717ce0-0a07-4f3c-a379-9ca44fccfb39,2023-03-24 18:03:31.133,2023-03-24 18:03:31.133
"1eb5397e-2269-4c4a-b1da-afefe704c849",c8717ce0-0a07-4f3c-a379-9ca44fccfb39,2023-03-24 18:03:31.133,2023-03-24 18:03:31.133
"1ab23e57-3f15-40e8-83d1-2da8a1aa17b0",c8717ce0-0a07-4f3c-a379-9ca44fccfb39,2023-03-24 18:03:31.133,2023-03-24 18:03:31.133
"52522716-7ec8-427a-bfaa-769926bd9828",c8717ce0-0a07-4f3c-a379-9ca44fccfb39,2023-03-24 18:03:31.133,2023-03-24 18:03:31.133
a3e3514a-9185-4e15-9e5c-acebe13475e1,c8717ce0-0a07-4f3c-a379-9ca44fccfb39,2023-03-24 18:03:31.133,2023-03-24 18:03:31.133
"1e334d20-e36a-424c-a0c0-faaa9a0a672e","9ec5af91-84e8-4414-a124-71c15c5a18d8",2023-03-24 18:03:31.148,2023-03-24 18:03:31.148
"865d8eb1-24d6-47ea-aa67-f7fef082abc8","9ec5af91-84e8-4414-a124-71c15c5a18d8",2023-03-24 18:03:31.148,2023-03-24 18:03:31.148
f30d7102-eef0-413e-9c82-7f3d4f2ee992,"9ec5af91-84e8-4414-a124-71c15c5a18d8",2023-03-24 18:03:31.148,2023-03-24 18:03:31.148
"483a8a4c-a46f-4803-9290-87e36b3a9303","9ec5af91-84e8-4414-a124-71c15c5a18d8",2023-03-24 18:03:31.148,2023-03-24 18:03:31.148
"39e7d29b-5d13-45b8-a818-159755bf865d","9ec5af91-84e8-4414-a124-71c15c5a18d8",2023-03-24 18:03:31.148,2023-03-24 18:03:31.148
"3d2f643a-69df-4e99-89cf-46092038e6fc","9ec5af91-84e8-4414-a124-71c15c5a18d8",2023-03-24 18:03:31.148,2023-03-24 18:03:31.148
c661467d-1559-49f0-a72b-36e1299e417b,"9ec5af91-84e8-4414-a124-71c15c5a18d8",2023-03-24 18:03:31.148,2023-03-24 18:03:31.148
eadb9c33-2831-4cf4-a381-a1b675905465,bf73fca8-5814-4485-b4d0-cdcf34e0bfa4,2023-03-24 18:03:31.165,2023-03-24 18:03:31.165
"37af395b-36ea-4465-9e1f-3a01e3473184",bf73fca8-5814-4485-b4d0-cdcf34e0bfa4,2023-03-24 18:03:31.165,2023-03-24 18:03:31.165
"6b6cf356-312c-4957-9627-07045228d028",bf73fca8-5814-4485-b4d0-cdcf34e0bfa4,2023-03-24 18:03:31.165,2023-03-24 18:03:31.165
ee2773b5-a475-4dc2-a0cf-2955a48b880a,bf73fca8-5814-4485-b4d0-cdcf34e0bfa4,2023-03-24 18:03:31.165,2023-03-24 18:03:31.165
fb93d7c0-3de1-47de-9d14-7b1fe256d5df,bf73fca8-5814-4485-b4d0-cdcf34e0bfa4,2023-03-24 18:03:31.165,2023-03-24 18:03:31.165
"26d4a24d-3ef9-48b2-a8b6-73452645505a",bf73fca8-5814-4485-b4d0-cdcf34e0bfa4,2023-03-24 18:03:31.165,2023-03-24 18:03:31.165
fc5b0bf4-7af7-4d32-8f6f-a87314e776dd,bf73fca8-5814-4485-b4d0-cdcf34e0bfa4,2023-03-24 18:03:31.165,2023-03-24 18:03:31.165
badc9b63-2a26-40cd-93a4-81f7cd7c5cb7,bf73fca8-5814-4485-b4d0-cdcf34e0bfa4,2023-03-24 18:03:31.165,2023-03-24 18:03:31.165
"232ce975-a41a-47c2-9dbf-594a2d551220",a51d29c4-4f54-434a-87d7-f5a408881f48,2023-03-24 18:03:31.181,2023-03-24 18:03:31.181
fc7bc72e-9262-400a-99c1-22caa2ccc9f4,a51d29c4-4f54-434a-87d7-f5a408881f48,2023-03-24 18:03:31.181,2023-03-24 18:03:31.181
bc287c7a-9191-4709-8da2-ff1faf3b36f2,a51d29c4-4f54-434a-87d7-f5a408881f48,2023-03-24 18:03:31.181,2023-03-24 18:03:31.181
"89d58dda-2877-4a64-aaf0-bcd003a8fe21",a51d29c4-4f54-434a-87d7-f5a408881f48,2023-03-24 18:03:31.181,2023-03-24 18:03:31.181
c816c324-a332-4701-8457-f1aa5b11f3b8,a51d29c4-4f54-434a-87d7-f5a408881f48,2023-03-24 18:03:31.181,2023-03-24 18:03:31.181
"1429493f-4b44-4bc3-a375-e1f88bd34c20",a51d29c4-4f54-434a-87d7-f5a408881f48,2023-03-24 18:03:31.181,2023-03-24 18:03:31.181
da1f01f7-61c3-47b9-8dc4-ad7e714fd62d,"90e9d1bd-22bb-4452-8a44-aa3e85051d68",2023-03-24 18:03:31.198,2023-03-24 18:03:31.198
"07d3a719-4c7b-4001-ba12-6f8e4acd4a78","90e9d1bd-22bb-4452-8a44-aa3e85051d68",2023-03-24 18:03:31.198,2023-03-24 18:03:31.198
"4d5a92ba-03a3-476f-be53-8e3208a0e442","90e9d1bd-22bb-4452-8a44-aa3e85051d68",2023-03-24 18:03:31.198,2023-03-24 18:03:31.198
"964650c8-cd62-41ac-8886-ad078a5a4476","90e9d1bd-22bb-4452-8a44-aa3e85051d68",2023-03-24 18:03:31.198,2023-03-24 18:03:31.198
"3ec7df8b-c4d2-4b83-9a36-bf85984eac64","90e9d1bd-22bb-4452-8a44-aa3e85051d68",2023-03-24 18:03:31.198,2023-03-24 18:03:31.198
"8034943a-2780-435a-a981-ef3daa2628a6","90e9d1bd-22bb-4452-8a44-aa3e85051d68",2023-03-24 18:03:31.198,2023-03-24 18:03:31.198
"40a1eaf2-86d2-443d-a15f-d42aff625bed","66f2f1a2-b204-4ca7-8903-afb8e314e86d",2023-03-24 18:03:31.225,2023-03-24 18:03:31.225
"71c0c516-bee1-4bdc-8268-b7cc69de87f4","66f2f1a2-b204-4ca7-8903-afb8e314e86d",2023-03-24 18:03:31.225,2023-03-24 18:03:31.225
d348c3b5-c783-4bfb-a9a9-aa11efd51b26,"5bd68116-d7b0-4c2e-a355-b214fe8288eb",2023-03-24 18:03:31.249,2023-03-24 18:03:31.249
f4d437f3-281e-4c6c-bfcc-4a119d652dc7,"5bd68116-d7b0-4c2e-a355-b214fe8288eb",2023-03-24 18:03:31.249,2023-03-24 18:03:31.249
"60a81a88-6969-45f7-a327-b840cf7c2879","5bd68116-d7b0-4c2e-a355-b214fe8288eb",2023-03-24 18:03:31.249,2023-03-24 18:03:31.249
"5eabdc91-75c9-4428-b9eb-b86e02d53dc6","5bd68116-d7b0-4c2e-a355-b214fe8288eb",2023-03-24 18:03:31.249,2023-03-24 18:03:31.249
eec1e5cf-e638-472e-8637-c08e9c6cbb73,"5bd68116-d7b0-4c2e-a355-b214fe8288eb",2023-03-24 18:03:31.249,2023-03-24 18:03:31.249
"4d98d489-574a-4bcf-a0e9-801bb858d5b8","98dbb2c7-912f-4e75-b927-8a46cd1658ce",2023-03-24 18:03:31.285,2023-03-24 18:03:31.285
"6c21045d-d99d-4d8f-812d-ff0572559921","98dbb2c7-912f-4e75-b927-8a46cd1658ce",2023-03-24 18:03:31.285,2023-03-24 18:03:31.285
"6d3959ec-3628-4e81-b257-aa9aad257b33","98dbb2c7-912f-4e75-b927-8a46cd1658ce",2023-03-24 18:03:31.285,2023-03-24 18:03:31.285
"5868ddcb-5794-4696-84d5-fa70e7c64133","98dbb2c7-912f-4e75-b927-8a46cd1658ce",2023-03-24 18:03:31.285,2023-03-24 18:03:31.285
"95c27eba-1647-4863-b059-899cb99660b9","98dbb2c7-912f-4e75-b927-8a46cd1658ce",2023-03-24 18:03:31.285,2023-03-24 18:03:31.285
"54b4ef0f-9106-4147-ab56-db461c62fb86","98dbb2c7-912f-4e75-b927-8a46cd1658ce",2023-03-24 18:03:31.285,2023-03-24 18:03:31.285
"831331f1-161a-4c54-87d3-e6d6af1d5644","98dbb2c7-912f-4e75-b927-8a46cd1658ce",2023-03-24 18:03:31.285,2023-03-24 18:03:31.285
"91fb5891-74d3-4840-b976-56448b4a9fa7","98dbb2c7-912f-4e75-b927-8a46cd1658ce",2023-03-24 18:03:31.285,2023-03-24 18:03:31.285
"8376726a-026d-49bc-922a-1c41a35a572c","1681b7fd-1ca8-4c7d-8b0c-982a238ba99e",2023-03-24 18:03:31.310,2023-03-24 18:03:31.310
"94567ac3-ade7-49d6-a557-6c0f269eb729","1681b7fd-1ca8-4c7d-8b0c-982a238ba99e",2023-03-24 18:03:31.310,2023-03-24 18:03:31.310
"6bd28836-a519-47ed-8e1b-b39a12ac64f8","1681b7fd-1ca8-4c7d-8b0c-982a238ba99e",2023-03-24 18:03:31.310,2023-03-24 18:03:31.310
"7e029276-b387-4161-ae71-c694d7f2c392","1681b7fd-1ca8-4c7d-8b0c-982a238ba99e",2023-03-24 18:03:31.310,2023-03-24 18:03:31.310
cde56d54-19f6-4f17-af0e-f265653d48cc,"1681b7fd-1ca8-4c7d-8b0c-982a238ba99e",2023-03-24 18:03:31.310,2023-03-24 18:03:31.310
e9117cb7-a9b6-469f-ab26-a89c32cf41ef,"1681b7fd-1ca8-4c7d-8b0c-982a238ba99e",2023-03-24 18:03:31.310,2023-03-24 18:03:31.310
cef2835c-fedb-4f65-811a-c2ccfeb1a404,"1681b7fd-1ca8-4c7d-8b0c-982a238ba99e",2023-03-24 18:03:31.310,2023-03-24 18:03:31.310
a0631992-bca4-479a-9163-f19b98dcc0f5,"1681b7fd-1ca8-4c7d-8b0c-982a238ba99e",2023-03-24 18:03:31.310,2023-03-24 18:03:31.310
c7a7a5fc-683f-4ced-a228-860f12fc30cb,"1681b7fd-1ca8-4c7d-8b0c-982a238ba99e",2023-03-24 18:03:31.310,2023-03-24 18:03:31.310
bdf4e2dd-4f24-4fd6-b4dc-6223c08610a1,"1681b7fd-1ca8-4c7d-8b0c-982a238ba99e",2023-03-24 18:03:31.310,2023-03-24 18:03:31.310
f345132c-08fa-4445-ac10-906139c37b51,"1681b7fd-1ca8-4c7d-8b0c-982a238ba99e",2023-03-24 18:03:31.310,2023-03-24 18:03:31.310
"82f52316-d44d-4303-8094-7349658eb0fe","1681b7fd-1ca8-4c7d-8b0c-982a238ba99e",2023-03-24 18:03:31.310,2023-03-24 18:03:31.310
"400a8361-0372-405c-aae7-8e799a9a1252","1681b7fd-1ca8-4c7d-8b0c-982a238ba99e",2023-03-24 18:03:31.310,2023-03-24 18:03:31.310
fdb0c724-417b-4d59-9fdb-e39cf4318c81,"0baac6ed-e780-4cc1-a5cd-8ced30f736e5",2023-03-24 18:03:31.351,2023-03-24 18:03:31.351
"1ad332c8-03f4-4966-8c1a-08baf60f3a49","0baac6ed-e780-4cc1-a5cd-8ced30f736e5",2023-03-24 18:03:31.351,2023-03-24 18:03:31.351
b3c301bf-ee15-4c38-b8f5-cb6189dade0b,"0baac6ed-e780-4cc1-a5cd-8ced30f736e5",2023-03-24 18:03:31.351,2023-03-24 18:03:31.351
ff60a970-506a-4917-a962-55c007ecdc59,"0baac6ed-e780-4cc1-a5cd-8ced30f736e5",2023-03-24 18:03:31.351,2023-03-24 18:03:31.351
"2887e4ad-70c5-4b08-b36c-fe5d9e9ee2cd","0baac6ed-e780-4cc1-a5cd-8ced30f736e5",2023-03-24 18:03:31.351,2023-03-24 18:03:31.351
d751c482-4e92-440b-884d-351bae98ca24,a65e328e-96b1-4ef3-a65a-385899998cc5,2023-03-24 18:03:31.382,2023-03-24 18:03:31.382
"9bdfae74-7fd4-4afa-a0c0-267a846f1425",a65e328e-96b1-4ef3-a65a-385899998cc5,2023-03-24 18:03:31.382,2023-03-24 18:03:31.382
a7efa68a-4a28-4f17-abe4-a5c94b2b3a97,a65e328e-96b1-4ef3-a65a-385899998cc5,2023-03-24 18:03:31.382,2023-03-24 18:03:31.382
e054a9cd-def0-4c2d-ae87-596bc634da36,a65e328e-96b1-4ef3-a65a-385899998cc5,2023-03-24 18:03:31.382,2023-03-24 18:03:31.382
"2962dece-8cae-4670-9c97-e87e48839230",a65e328e-96b1-4ef3-a65a-385899998cc5,2023-03-24 18:03:31.382,2023-03-24 18:03:31.382
"8ac5f154-ba0a-4507-b64f-f465e9c897b6",a65e328e-96b1-4ef3-a65a-385899998cc5,2023-03-24 18:03:31.382,2023-03-24 18:03:31.382
fcc59c3a-bc47-4294-8158-cdc5262e37d9,a65e328e-96b1-4ef3-a65a-385899998cc5,2023-03-24 18:03:31.382,2023-03-24 18:03:31.382
ecd91915-d16b-4b41-aa67-9ac47e0bac23,bdbd8eab-eb0d-4b93-a917-ba46d93d4bf3,2023-03-24 18:03:31.407,2023-03-24 18:03:31.407
"1cc83a45-2bed-4a50-badf-d373f66523a7",bdbd8eab-eb0d-4b93-a917-ba46d93d4bf3,2023-03-24 18:03:31.407,2023-03-24 18:03:31.407
"96041adb-8901-45dd-88fa-e9165ed01ace",bdbd8eab-eb0d-4b93-a917-ba46d93d4bf3,2023-03-24 18:03:31.407,2023-03-24 18:03:31.407
"8badaee0-dbe9-4b97-8d4b-3f65f7afed89",bdbd8eab-eb0d-4b93-a917-ba46d93d4bf3,2023-03-24 18:03:31.407,2023-03-24 18:03:31.407
e7359065-3372-41b6-8d5e-a9173b534d99,bdbd8eab-eb0d-4b93-a917-ba46d93d4bf3,2023-03-24 18:03:31.407,2023-03-24 18:03:31.407
"8d2e5294-c604-44cb-ba88-b2c3c7528c05",bdbd8eab-eb0d-4b93-a917-ba46d93d4bf3,2023-03-24 18:03:31.407,2023-03-24 18:03:31.407
d4e1e448-c73a-4ef8-8f77-4685058b0e82,bdbd8eab-eb0d-4b93-a917-ba46d93d4bf3,2023-03-24 18:03:31.407,2023-03-24 18:03:31.407
"4e5aeca3-6334-49b2-918f-8d4457241a47",bdbd8eab-eb0d-4b93-a917-ba46d93d4bf3,2023-03-24 18:03:31.407,2023-03-24 18:03:31.407
a5053650-db10-4a69-be57-7b053e7e85cf,bdbd8eab-eb0d-4b93-a917-ba46d93d4bf3,2023-03-24 18:03:31.407,2023-03-24 18:03:31.407
