"id","userId","themeId","createdAt","updatedAt","isOpenThemeQuestion"
adf3efcf-3d18-4676-8193-6db5e083c5ad,"3944149f-07ad-4345-a893-229258d18578","588e58a5-1783-455a-86c3-25ed89a6b71e",2023-03-24 18:03:29.340,2023-03-24 18:03:29.340,false
"7ed380ab-12bd-4185-8b4a-e7254bab5e10","3944149f-07ad-4345-a893-229258d18578","588e58a5-1783-455a-86c3-25ed89a6b71e",2023-03-24 18:03:29.351,2023-03-24 18:03:29.351,false
b275c684-6970-4ed3-bb22-d22ef3d9c59a,"3944149f-07ad-4345-a893-229258d18578","588e58a5-1783-455a-86c3-25ed89a6b71e",2023-03-24 18:03:29.357,2023-03-24 18:03:29.357,false
"07bb5ed0-e638-4258-819d-973686881a39","3944149f-07ad-4345-a893-229258d18578","588e58a5-1783-455a-86c3-25ed89a6b71e",2023-03-24 18:03:29.362,2023-03-24 18:03:29.362,false
"8cce9cea-808f-487c-a24e-1dcf03985f44","3944149f-07ad-4345-a893-229258d18578","588e58a5-1783-455a-86c3-25ed89a6b71e",2023-03-24 18:03:29.366,2023-03-24 18:03:29.366,true
ebb2c446-395f-478e-8276-cf9bd8736504,"3944149f-07ad-4345-a893-229258d18578","60b840c6-79b6-47a6-b365-1700d1192e49",2023-03-24 18:03:29.901,2023-03-24 18:03:29.901,false
"6053e34b-204b-4cbc-be67-7d6bf468c594","3944149f-07ad-4345-a893-229258d18578","60b840c6-79b6-47a6-b365-1700d1192e49",2023-03-24 18:03:29.906,2023-03-24 18:03:29.906,false
b09e1c34-5179-4ad4-812a-64f19acf04ba,"3944149f-07ad-4345-a893-229258d18578","60b840c6-79b6-47a6-b365-1700d1192e49",2023-03-24 18:03:29.910,2023-03-24 18:03:29.910,false
"2a2c46f6-716a-4277-90e0-aaf19b6edd2f","3944149f-07ad-4345-a893-229258d18578","60b840c6-79b6-47a6-b365-1700d1192e49",2023-03-24 18:03:29.919,2023-03-24 18:03:29.919,false
"1042f7a3-ae18-4ff3-bef1-bf27ece76b6e","3944149f-07ad-4345-a893-229258d18578","60b840c6-79b6-47a6-b365-1700d1192e49",2023-03-24 18:03:29.927,2023-03-24 18:03:29.927,true
"98876855-5737-4e81-a74c-c15b9e3b3a92","3944149f-07ad-4345-a893-229258d18578","3b1a0617-1149-42d4-ada3-4044f12717cf",2023-03-24 18:03:30.307,2023-03-24 18:03:30.307,false
fbf4ddcb-3278-49e3-968a-6fff4263f130,"3944149f-07ad-4345-a893-229258d18578","3b1a0617-1149-42d4-ada3-4044f12717cf",2023-03-24 18:03:30.311,2023-03-24 18:03:30.311,false
"4eefe735-93d2-46ed-93ad-660b3dc286fb","3944149f-07ad-4345-a893-229258d18578","3b1a0617-1149-42d4-ada3-4044f12717cf",2023-03-24 18:03:30.315,2023-03-24 18:03:30.315,false
ce9d2562-1bf9-4944-adaa-f3860f7d6223,"3944149f-07ad-4345-a893-229258d18578","3b1a0617-1149-42d4-ada3-4044f12717cf",2023-03-24 18:03:30.319,2023-03-24 18:03:30.319,false
"026120a2-063a-40f3-94b3-53a1a88ae708","3944149f-07ad-4345-a893-229258d18578","3b1a0617-1149-42d4-ada3-4044f12717cf",2023-03-24 18:03:30.323,2023-03-24 18:03:30.323,true
"211a5198-12e3-416c-ac3c-c71027c2793d","3944149f-07ad-4345-a893-229258d18578","1fba486c-0fbf-4488-a3ce-d4d144688002",2023-03-24 18:03:30.746,2023-03-24 18:03:30.746,false
"3c2b2f43-4abf-4f59-a347-8336f479b653","3944149f-07ad-4345-a893-229258d18578","1fba486c-0fbf-4488-a3ce-d4d144688002",2023-03-24 18:03:30.750,2023-03-24 18:03:30.750,false
ee33248a-9125-4a32-91e0-a1e45a67209b,"3944149f-07ad-4345-a893-229258d18578","1fba486c-0fbf-4488-a3ce-d4d144688002",2023-03-24 18:03:30.755,2023-03-24 18:03:30.755,false
c2a30f2a-eb66-41c2-81cd-99122f664698,"3944149f-07ad-4345-a893-229258d18578","1fba486c-0fbf-4488-a3ce-d4d144688002",2023-03-24 18:03:30.761,2023-03-24 18:03:30.761,false
c808858d-7de5-40d6-9abe-6377e457a278,"3944149f-07ad-4345-a893-229258d18578","1fba486c-0fbf-4488-a3ce-d4d144688002",2023-03-24 18:03:30.765,2023-03-24 18:03:30.765,true
"8e951538-6548-498c-b3aa-d42dd3bbb6d5","3944149f-07ad-4345-a893-229258d18578","33cee886-1cc3-41b8-8859-01af609a507a",2023-03-24 18:03:31.076,2023-03-24 18:03:31.076,false
e4be3911-6b43-46b2-b41a-1a08e3d88ad8,"3944149f-07ad-4345-a893-229258d18578","33cee886-1cc3-41b8-8859-01af609a507a",2023-03-24 18:03:31.081,2023-03-24 18:03:31.081,false
e101f909-9cbd-45bf-a0ba-99f52739671e,"3944149f-07ad-4345-a893-229258d18578","33cee886-1cc3-41b8-8859-01af609a507a",2023-03-24 18:03:31.090,2023-03-24 18:03:31.090,false
"8585bdfa-1671-471d-aa59-c583edd4171d","3944149f-07ad-4345-a893-229258d18578","33cee886-1cc3-41b8-8859-01af609a507a",2023-03-24 18:03:31.094,2023-03-24 18:03:31.094,false
"20cf0f57-3e1e-403d-830b-c65bfe806e21","3944149f-07ad-4345-a893-229258d18578","33cee886-1cc3-41b8-8859-01af609a507a",2023-03-24 18:03:31.098,2023-03-24 18:03:31.098,true
