"id","themeId","userId","createdAt","updatedAt"
bd1432aa-1f3a-4acd-ac99-e5d18d3f2fab,"588e58a5-1783-455a-86c3-25ed89a6b71e","3df7c44f-f62e-4279-80c2-bca753102fac",2023-03-24 18:03:29.332,2023-03-24 18:03:29.332
"40bdd94c-ea4b-4871-ae57-3ab88692a137","588e58a5-1783-455a-86c3-25ed89a6b71e","741f081e-6a83-4c81-a505-a1ff5433c69f",2023-03-24 18:03:29.332,2023-03-24 18:03:29.332
"64ae4501-607e-4d51-bbb7-1bd4905f1624","588e58a5-1783-455a-86c3-25ed89a6b71e","66e7c0a8-fda9-4c04-8edf-fe9047608265",2023-03-24 18:03:29.332,2023-03-24 18:03:29.332
"878d9661-afdf-4ae2-9194-34e569be80e6","588e58a5-1783-455a-86c3-25ed89a6b71e","27d95f2d-2d45-4a88-9f6f-cd21e0182caf",2023-03-24 18:03:29.332,2023-03-24 18:03:29.332
"6261aa24-f461-4208-8e6a-38c3e8ae9c9b","60b840c6-79b6-47a6-b365-1700d1192e49","3df7c44f-f62e-4279-80c2-bca753102fac",2023-03-24 18:03:29.895,2023-03-24 18:03:29.895
"46be8b30-e776-48e0-9e07-13ae6c2ff0ea","60b840c6-79b6-47a6-b365-1700d1192e49","741f081e-6a83-4c81-a505-a1ff5433c69f",2023-03-24 18:03:29.895,2023-03-24 18:03:29.895
"39c16dca-7d78-45f1-984f-8b4ff56000ef","60b840c6-79b6-47a6-b365-1700d1192e49","66e7c0a8-fda9-4c04-8edf-fe9047608265",2023-03-24 18:03:29.895,2023-03-24 18:03:29.895
c1968a4e-946c-4c1d-b486-618322cf0d1d,"60b840c6-79b6-47a6-b365-1700d1192e49","27d95f2d-2d45-4a88-9f6f-cd21e0182caf",2023-03-24 18:03:29.895,2023-03-24 18:03:29.895
"7d28e0e1-c4e4-43b4-934a-05dd13865644","3b1a0617-1149-42d4-ada3-4044f12717cf","3df7c44f-f62e-4279-80c2-bca753102fac",2023-03-24 18:03:30.301,2023-03-24 18:03:30.301
"5974d549-cb22-4a51-abf3-9116cc8343fb","3b1a0617-1149-42d4-ada3-4044f12717cf","741f081e-6a83-4c81-a505-a1ff5433c69f",2023-03-24 18:03:30.301,2023-03-24 18:03:30.301
a4431282-339b-4418-8e49-b1c470dce4d5,"3b1a0617-1149-42d4-ada3-4044f12717cf","66e7c0a8-fda9-4c04-8edf-fe9047608265",2023-03-24 18:03:30.301,2023-03-24 18:03:30.301
"48cc6bcf-dea4-4071-90b4-e399e69162a3","3b1a0617-1149-42d4-ada3-4044f12717cf","27d95f2d-2d45-4a88-9f6f-cd21e0182caf",2023-03-24 18:03:30.301,2023-03-24 18:03:30.301
"862bcbb0-4b71-4b9e-b687-9d7d94afe7dd","1fba486c-0fbf-4488-a3ce-d4d144688002","3df7c44f-f62e-4279-80c2-bca753102fac",2023-03-24 18:03:30.740,2023-03-24 18:03:30.740
"941ff5c7-40c5-4dfb-a7e1-8fb91c98b83c","1fba486c-0fbf-4488-a3ce-d4d144688002","741f081e-6a83-4c81-a505-a1ff5433c69f",2023-03-24 18:03:30.740,2023-03-24 18:03:30.740
a19084f6-7043-4de0-9a7a-8fe824ad6ece,"1fba486c-0fbf-4488-a3ce-d4d144688002","66e7c0a8-fda9-4c04-8edf-fe9047608265",2023-03-24 18:03:30.740,2023-03-24 18:03:30.740
"367e446b-e955-4532-89f7-a62b06d416e4","1fba486c-0fbf-4488-a3ce-d4d144688002","27d95f2d-2d45-4a88-9f6f-cd21e0182caf",2023-03-24 18:03:30.740,2023-03-24 18:03:30.740
"7c0c8128-b424-455c-a775-2cb61f8774b2","33cee886-1cc3-41b8-8859-01af609a507a","3df7c44f-f62e-4279-80c2-bca753102fac",2023-03-24 18:03:31.071,2023-03-24 18:03:31.071
c12b6773-0120-497d-9cc7-d7b20217ec34,"33cee886-1cc3-41b8-8859-01af609a507a","741f081e-6a83-4c81-a505-a1ff5433c69f",2023-03-24 18:03:31.071,2023-03-24 18:03:31.071
"83d674fb-87b0-419e-a18b-668a1f22bb46","33cee886-1cc3-41b8-8859-01af609a507a","66e7c0a8-fda9-4c04-8edf-fe9047608265",2023-03-24 18:03:31.071,2023-03-24 18:03:31.071
"2922489e-03eb-4ef9-989b-0d89af91ec8b","33cee886-1cc3-41b8-8859-01af609a507a","27d95f2d-2d45-4a88-9f6f-cd21e0182caf",2023-03-24 18:03:31.071,2023-03-24 18:03:31.071
